-- MySQL dump 10.13  Distrib 5.7.11, for osx10.11 (x86_64)
--
-- Host: localhost    Database: Phastline_dev
-- ------------------------------------------------------
-- Server version	5.7.11

/*!40101 SET @OLD_CHARACTER_SET_CLIENT=@@CHARACTER_SET_CLIENT */;
/*!40101 SET @OLD_CHARACTER_SET_RESULTS=@@CHARACTER_SET_RESULTS */;
/*!40101 SET @OLD_COLLATION_CONNECTION=@@COLLATION_CONNECTION */;
/*!40101 SET NAMES utf8 */;
/*!40103 SET @OLD_TIME_ZONE=@@TIME_ZONE */;
/*!40103 SET TIME_ZONE='+00:00' */;
/*!40014 SET @OLD_UNIQUE_CHECKS=@@UNIQUE_CHECKS, UNIQUE_CHECKS=0 */;
/*!40014 SET @OLD_FOREIGN_KEY_CHECKS=@@FOREIGN_KEY_CHECKS, FOREIGN_KEY_CHECKS=0 */;
/*!40101 SET @OLD_SQL_MODE=@@SQL_MODE, SQL_MODE='NO_AUTO_VALUE_ON_ZERO' */;
/*!40111 SET @OLD_SQL_NOTES=@@SQL_NOTES, SQL_NOTES=0 */;

--
-- Table structure for table `activities`
--

DROP TABLE IF EXISTS `activities`;
/*!40101 SET @saved_cs_client     = @@character_set_client */;
/*!40101 SET character_set_client = utf8 */;
CREATE TABLE `activities` (
  `id` int(11) NOT NULL AUTO_INCREMENT,
  `batch_id` varchar(255) DEFAULT NULL,
  `start_time` datetime DEFAULT NULL,
  `end_time` datetime DEFAULT NULL,
  `activity_type` varchar(255) DEFAULT NULL,
  `volume` float DEFAULT NULL,
  `shipper` varchar(255) DEFAULT NULL,
  `nomination_name` varchar(255) DEFAULT NULL,
  `created_at` datetime NOT NULL,
  `updated_at` datetime NOT NULL,
  `schedule_id` int(11) DEFAULT NULL,
  `station` varchar(255) DEFAULT NULL,
  PRIMARY KEY (`id`),
  KEY `index_activities_on_schedule_id` (`schedule_id`)
) ENGINE=InnoDB AUTO_INCREMENT=50 DEFAULT CHARSET=utf8;
/*!40101 SET character_set_client = @saved_cs_client */;

--
-- Dumping data for table `activities`
--

LOCK TABLES `activities` WRITE;
/*!40000 ALTER TABLE `activities` DISABLE KEYS */;
INSERT INTO `activities` VALUES (6,'63E-00200','2016-12-01 09:30:00','2016-12-02 04:00:00','INJECTION',200000,'','2016-04','2016-12-20 02:28:49','2017-01-09 20:52:22',3,'Edmonton'),(23,'63E-00200','2016-12-06 08:30:00',NULL,'DELIVERY',200000,'','2016-04','2016-12-20 15:07:19','2017-01-22 22:46:56',3,'Superior'),(25,'CRW-01000','2016-04-01 01:00:00','2016-04-01 03:00:00','INJECTION',2000,'','2016-04','2016-12-20 23:41:51','2017-01-10 01:19:59',1,'Tim'),(26,'63E-00200','2016-04-01 03:00:00','2016-04-01 05:00:00','INJECTION',3000,'','2016-04','2016-12-20 23:42:09','2017-01-10 01:21:02',1,'Tim'),(27,'CRW-01000','2016-04-01 02:00:00','2016-04-01 04:00:00','EVEN',2000,'','2016-04','2016-12-20 23:42:29','2017-01-10 01:23:08',1,'Buck'),(28,'63E-00200','2016-04-01 04:00:00','2016-04-01 06:00:00','EVEN',3000,'','2016-04','2016-12-20 23:42:51','2017-01-10 01:23:28',1,'Buck'),(29,'CRW-01000','2016-04-01 09:00:00','2016-04-01 11:00:00','DELIVERY',2000,'','2016-04','2016-12-20 23:43:16','2017-01-10 01:24:25',1,'Two Town'),(30,'63E-00200','2016-04-01 11:00:00','2016-04-01 13:00:00','DELIVERY',3000,'','2016-04','2016-12-20 23:43:33','2017-01-10 01:24:52',1,'Two Town'),(31,'CRW-01001','2016-04-01 05:00:00','2016-04-01 07:00:00','INJECTION',10000,'','2016-04','2016-12-29 03:04:20','2017-01-10 01:21:33',1,'Tim'),(32,'63E-00201','2016-04-01 07:00:00','2016-04-01 09:00:00','INJECTION',10000,'','2016-04','2016-12-29 03:04:46','2017-01-10 01:21:56',1,'Tim'),(33,'CRW-01001','2016-04-01 13:00:00','2016-04-01 15:00:00','DELIVERY',10000,'','2016-04','2016-12-29 03:05:09','2017-01-10 01:25:16',1,'Two Town'),(34,'63E-00201','2016-04-01 15:00:00','2016-04-01 17:00:00','DELIVERY',10000,'','2016-04','2016-12-29 03:05:26','2017-01-10 01:25:35',1,'Two Town'),(37,'CRW-00001','2016-04-01 00:00:00','2016-04-01 07:00:00','INJECTION',5000,'','2016-04','2017-01-12 15:20:07','2017-01-12 15:21:07',4,'Tim'),(38,'BR-00002','2016-04-01 09:00:00','2016-04-01 11:00:00','INJECTION',200000,'','2016-04','2017-01-12 15:20:53','2017-01-22 22:28:46',4,'Tim'),(39,'CRW-00001','2016-04-01 08:30:00','2016-04-01 09:00:00','DELIVERY',0,'','2016-04','2017-01-13 23:36:02','2017-01-13 23:36:02',4,'Two Town'),(42,'BR-00002','2016-04-01 09:00:00',NULL,'DELIVERY',0,'','2016-04','2017-01-22 22:30:12','2017-01-22 22:34:33',4,'Two Town'),(43,'63E-00200','2016-12-01 09:30:00','2016-12-02 04:00:00','INJECTION',200000,'','2016-04','2017-01-22 23:41:14','2017-01-22 23:41:14',6,'Edmonton'),(44,'63E-00200','2016-12-01 09:30:00',NULL,'DELIVERY',200000,'','2016-04','2017-01-22 23:41:14','2017-01-22 23:41:14',6,'Superior'),(45,'CRW-00001','2016-12-01 09:30:00','2016-12-02 04:00:00','INJECTION',5000,'','2016-11','2017-01-23 14:36:06','2017-01-23 14:36:06',7,'Tim'),(46,'BR-00002','2016-12-02 04:00:00','2016-12-15 23:00:00','INJECTION',200000,'','2016-11','2017-01-23 14:36:06','2017-01-23 14:36:06',7,'Tim'),(47,'CRW-00001','2016-12-18 10:30:00','2016-12-19 13:00:00','DELIVERY',0,'','2016-11','2017-01-23 14:36:06','2017-01-23 14:36:06',7,'Two Town'),(48,'BR-00002','2016-12-19 13:00:00',NULL,'DELIVERY',0,'','2016-11','2017-01-23 14:36:06','2017-01-23 14:36:06',7,'Two Town'),(49,'CRW-01000','2017-01-01 00:00:00','2017-01-01 15:50:00','INJECTION',20000,'IOL','1WMS01','2017-01-30 00:47:06','2017-01-30 00:50:45',8,'Edmonton');
/*!40000 ALTER TABLE `activities` ENABLE KEYS */;
UNLOCK TABLES;

--
-- Table structure for table `commodities`
--

DROP TABLE IF EXISTS `commodities`;
/*!40101 SET @saved_cs_client     = @@character_set_client */;
/*!40101 SET character_set_client = utf8 */;
CREATE TABLE `commodities` (
  `id` int(11) NOT NULL AUTO_INCREMENT,
  `commodity_id` varchar(255) COLLATE utf8_unicode_ci DEFAULT NULL,
  `commodity_name` varchar(255) COLLATE utf8_unicode_ci DEFAULT NULL,
  `temp1` float DEFAULT NULL,
  `visc1` float DEFAULT NULL,
  `temp2` float DEFAULT NULL,
  `visc2` float DEFAULT NULL,
  `density` float DEFAULT NULL,
  `density_cf` float DEFAULT NULL,
  `vapor` float DEFAULT NULL,
  `created_at` datetime NOT NULL,
  `updated_at` datetime NOT NULL,
  `acoef` float DEFAULT NULL,
  `bcoef` float DEFAULT NULL,
  `user_id` int(11) DEFAULT NULL,
  PRIMARY KEY (`id`)
) ENGINE=InnoDB AUTO_INCREMENT=47 DEFAULT CHARSET=utf8 COLLATE=utf8_unicode_ci;
/*!40101 SET character_set_client = @saved_cs_client */;

--
-- Dumping data for table `commodities`
--

LOCK TABLES `commodities` WRITE;
/*!40000 ALTER TABLE `commodities` DISABLE KEYS */;
INSERT INTO `commodities` VALUES (1,'63E','Gasoline',5,0.94,37.8,0.66,732,0.99875,200,'2016-03-22 15:21:55','2016-12-15 22:47:58',7.81437,3.46469,1),(2,'SYN','Synthetic',5,20.57,15,14.05,892.1,0.99837,200,'2016-03-22 15:29:25','2016-05-20 16:15:53',8.9484,3.61059,1),(3,'41E','Gasoline',5,0.29,15,0.26,561.67,0.99821,200,'2016-03-22 15:30:26','2016-05-20 16:15:40',11.7827,5.35673,1),(4,'42E','Gasoline',5,0.28,15,0.27,560,0.99822,200,'2016-03-22 15:42:54','2016-05-20 16:15:45',3.01669,1.78091,1),(5,'NGL','Natural Gas Liquid',5,0.29,15,0.26,550,0.99821,100,'2016-10-29 13:20:52','2016-10-29 13:20:52',11.7827,5.35673,1),(6,'AHS','Albian Heavy Synthetic',10,254,30,72.6,934.6,0.998,61.4,'2016-12-16 00:29:06','2016-12-16 00:29:06',9.53037,3.73124,1),(7,'BR','Bow River',10,184,30,59,918.1,0.998,64.3,'2016-12-16 00:30:30','2016-12-16 00:30:30',9.11685,3.57318,1),(8,'CL','Cold Lake',10,289,30,86.6,923.4,0.998,57.5,'2016-12-16 00:31:38','2017-01-24 02:31:20',8.93253,3.48336,1),(9,'CRW','Condensate Blend',10,0.977,30,0.783,712.1,0.998,85.1,'2016-12-16 00:33:03','2016-12-16 00:33:03',7.73087,3.41274,1),(10,'F','Fosterton',10,187,30,60,924.2,0.998,43.6,'2016-12-16 00:34:09','2016-12-16 00:34:09',9.08329,3.55895,1),(11,'HSB','Husky Synthetic Blend',10,17.9,30,8.46,869.1,0.998,36.4,'2016-12-16 00:35:28','2016-12-16 00:35:28',10.0726,4.06563,1),(12,'LLB','Lloydminster Blend',10,311,30,92.5,926.5,0.998,62.3,'2016-12-16 00:36:56','2016-12-16 00:36:56',8.87713,3.45849,1),(13,'M','Midale Blend',10,22.7,30,8.91,871.7,0.998,54.3,'2016-12-16 00:37:59','2016-12-16 00:37:59',12.0521,4.85951,1),(14,'MML','Manitoba Light',10,8.64,30,4.53,839.4,0.998,83.3,'2016-12-16 00:39:18','2016-12-16 00:39:18',10.7823,4.40266,1),(15,'OSH','Suncor OSH',10,154,30,42.8,933.6,0.998,16.7,'2016-12-16 00:40:25','2016-12-16 00:40:25',10.7552,4.24747,1),(16,'P','Pembina',10,6.03,30,3.55,822.1,0.998,88,'2016-12-16 00:41:35','2016-12-16 00:41:35',9.82915,4.04202,1),(17,'RSW','Rangeland Sweet',10,5.89,30,3.37,819.1,0.998,87.8,'2016-12-16 00:42:45','2016-12-16 00:42:45',10.5169,4.32448,1),(18,'SLD','Southern Lights Diluent',10,0.479,30,0.406,664.3,0.998,95,'2016-12-16 00:43:56','2016-12-16 00:43:56',6.98889,3.25519,1),(19,'SO','Mixed Blend Sour',10,11.9,30,6.37,867.2,0.998,84.7,'2016-12-16 00:44:53','2016-12-16 00:44:53',9.34108,3.79261,1),(20,'WCB','Western Canadian Blend',10,296,30,88.6,929,0.998,37.9,'2016-12-16 00:45:59','2016-12-16 00:45:59',8.90373,3.47087,1),(21,'WH','Wabasca Heavy',10,238,30,75.2,932.4,0.998,49,'2016-12-16 00:47:01','2016-12-16 00:47:01',8.81163,3.44021,1),(22,'ZA','Zama',10,4.86,30,3.06,826.2,0.998,96.5,'2016-12-16 00:48:03','2016-12-16 00:48:03',9.16949,3.79169,1),(23,'XXX','Initial Pipeline Filler',5,0.28,15,0.27,560,1,200,'2016-12-29 02:18:56','2016-12-29 02:18:56',3.01669,1.78091,1),(24,'41E','Gasoline',5,0.29,15,0.26,561.67,0.99821,200,'2017-01-22 23:41:13','2017-01-22 23:41:13',11.7827,5.35673,2),(25,'42E','Gasoline',5,0.28,15,0.27,561,0.99822,200,'2017-01-22 23:41:13','2017-01-22 23:41:13',3.01669,1.78091,2),(26,'63E','Gasoline',5,0.94,37.8,0.66,732,0.99875,200,'2017-01-22 23:41:13','2017-01-22 23:41:13',7.81437,3.46469,2),(27,'AHS','Albian Heavy Synthetic',10,254,30,72.6,934.6,0.998,61.4,'2017-01-22 23:41:13','2017-01-22 23:41:13',9.53037,3.73124,2),(28,'BR','Bow River',10,184,30,59,918.1,0.998,64.3,'2017-01-22 23:41:13','2017-01-22 23:41:13',9.11685,3.57318,2),(29,'CL','Cold Lake',10,289,30,86.6,923.4,0.998,57.5,'2017-01-22 23:41:13','2017-01-22 23:41:13',8.93253,3.48336,2),(30,'CRW','Condensate Blend',10,0.977,30,0.783,712.1,0.998,85.1,'2017-01-22 23:41:13','2017-01-22 23:41:13',7.73087,3.41274,2),(31,'F','Fosterton',10,187,30,60,924.2,0.998,43.6,'2017-01-22 23:41:13','2017-01-22 23:41:13',9.08329,3.55895,2),(32,'HSB','Husky Synthetic Blend',10,17.9,30,8.46,869.1,0.998,36.4,'2017-01-22 23:41:13','2017-01-22 23:41:13',10.0726,4.06563,2),(33,'LLB','Lloydminster Blend',10,311,30,92.5,926.5,0.998,62.3,'2017-01-22 23:41:13','2017-01-22 23:41:13',8.87713,3.45849,2),(34,'M','Midale Blend',10,22.7,30,8.91,871.7,0.998,54.3,'2017-01-22 23:41:13','2017-01-22 23:41:13',12.0521,4.85951,2),(35,'MML','Manitoba Light',10,8.64,30,4.53,839.4,0.998,83.3,'2017-01-22 23:41:13','2017-01-22 23:41:13',10.7823,4.40266,2),(36,'NGL','Natural Gas Liquid',5,0.29,15,0.26,550,0.99821,100,'2017-01-22 23:41:13','2017-01-22 23:41:13',11.7827,5.35673,2),(37,'OSH','Suncor OSH',10,154,30,42.8,933.6,0.998,16.7,'2017-01-22 23:41:13','2017-01-22 23:41:13',10.7552,4.24747,2),(38,'P','Pembina',10,6.03,30,3.55,822.1,0.998,88,'2017-01-22 23:41:13','2017-01-22 23:41:13',9.82915,4.04202,2),(39,'RSW','Rangeland Sweet',10,5.89,30,3.37,819.1,0.998,87.8,'2017-01-22 23:41:13','2017-01-22 23:41:13',10.5169,4.32448,2),(40,'SLD','Southern Lights Diluent',10,0.479,30,0.406,664.3,0.998,95,'2017-01-22 23:41:13','2017-01-22 23:41:13',6.98889,3.25519,2),(41,'SO','Mixed Blend Sour',10,11.9,30,6.37,867.2,0.998,84.7,'2017-01-22 23:41:13','2017-01-22 23:41:13',9.34108,3.79261,2),(42,'SYN','Synthetic',5,20.57,15,14.05,892.1,0.99837,200,'2017-01-22 23:41:13','2017-01-22 23:41:13',8.9484,3.61059,2),(43,'WCB','Western Canadian Blend',10,296,30,88.6,929,0.998,37.9,'2017-01-22 23:41:13','2017-01-22 23:41:13',8.90373,3.47087,2),(44,'WH','Wabasca Heavy',10,238,30,75.2,932.4,0.998,49,'2017-01-22 23:41:13','2017-01-22 23:41:13',8.81163,3.44021,2),(45,'XXX','Initial Pipeline Filler',5,0.28,15,0.27,560,1,200,'2017-01-22 23:41:13','2017-01-22 23:41:13',3.01669,1.78091,2),(46,'Z','Zama',10,4.86,30,3.06,826.2,0.998,96.5,'2017-01-22 23:41:13','2017-01-22 23:41:13',9.16949,3.79169,2);
/*!40000 ALTER TABLE `commodities` ENABLE KEYS */;
UNLOCK TABLES;

--
-- Table structure for table `elevations`
--

DROP TABLE IF EXISTS `elevations`;
/*!40101 SET @saved_cs_client     = @@character_set_client */;
/*!40101 SET character_set_client = utf8 */;
CREATE TABLE `elevations` (
  `id` int(11) NOT NULL AUTO_INCREMENT,
  `kmp` float DEFAULT NULL,
  `elevation` float DEFAULT NULL,
  `pipeline_id` int(11) DEFAULT NULL,
  `created_at` datetime NOT NULL,
  `updated_at` datetime NOT NULL,
  PRIMARY KEY (`id`),
  KEY `index_elevations_on_pipeline_id` (`pipeline_id`),
  CONSTRAINT `fk_rails_d287de2f63` FOREIGN KEY (`pipeline_id`) REFERENCES `pipelines` (`id`)
) ENGINE=InnoDB AUTO_INCREMENT=59 DEFAULT CHARSET=utf8 COLLATE=utf8_unicode_ci;
/*!40101 SET character_set_client = @saved_cs_client */;

--
-- Dumping data for table `elevations`
--

LOCK TABLES `elevations` WRITE;
/*!40000 ALTER TABLE `elevations` DISABLE KEYS */;
INSERT INTO `elevations` VALUES (1,0,684.28,1,'2016-04-02 02:40:32','2016-04-02 02:40:32'),(2,48.27,792.48,1,'2016-04-02 02:40:55','2016-04-02 02:40:55'),(3,173.77,792.48,1,'2016-04-02 14:01:16','2016-04-02 14:01:16'),(4,194.69,724.81,1,'2016-04-02 14:01:40','2016-04-02 14:01:40'),(5,392.6,603.5,1,'2016-04-02 14:02:01','2016-04-02 14:02:01'),(6,466.95,548.94,1,'2016-04-02 14:02:23','2016-04-02 14:02:23'),(7,485.92,661.11,1,'2016-04-02 14:02:41','2016-04-02 14:02:41'),(8,503.62,526.39,1,'2016-04-02 14:03:01','2016-04-02 14:03:01'),(9,532.42,609.6,1,'2016-04-02 14:03:35','2016-04-02 14:03:35'),(10,566.63,580.34,1,'2016-04-02 14:03:49','2016-04-02 14:03:49'),(11,704.48,585.83,1,'2016-04-02 14:04:09','2016-04-02 14:04:09'),(12,822.2,698.6,1,'2016-04-02 14:04:21','2016-04-02 14:04:21'),(13,992.75,429.77,1,'2016-04-02 14:04:42','2016-04-02 14:04:42'),(14,1073.2,356.62,1,'2016-04-02 14:04:58','2016-04-02 14:04:58'),(15,1164.92,491.95,1,'2016-04-02 14:05:13','2016-04-02 14:05:13'),(16,1289.97,227.99,1,'2016-04-02 14:05:31','2016-04-02 14:05:31'),(17,1478.67,441.96,1,'2016-04-02 14:05:47','2016-04-02 14:05:47'),(18,1538.2,396.85,1,'2016-04-02 14:06:04','2016-04-02 14:06:04'),(19,1718.41,399.29,1,'2016-04-02 14:06:21','2016-04-02 14:06:21'),(20,1766.84,199.34,1,'2016-04-02 14:06:34','2016-04-02 14:06:34'),(21,0,684.28,6,'2016-05-30 16:52:41','2016-12-19 03:59:50'),(22,30,900,6,'2016-05-30 16:52:50','2016-12-15 16:09:54'),(23,60,700,6,'2016-05-30 16:52:57','2016-12-15 16:10:10'),(28,654.86,502.31,1,'2016-12-15 17:19:31','2016-12-15 17:19:31'),(29,0,400,9,'2016-12-16 20:18:20','2016-12-16 20:18:20'),(30,120,350,9,'2016-12-16 20:18:32','2016-12-16 20:18:32'),(34,0,684.28,11,'2017-01-22 23:41:14','2017-01-22 23:41:14'),(35,48.27,792.48,11,'2017-01-22 23:41:14','2017-01-22 23:41:14'),(36,173.77,792.48,11,'2017-01-22 23:41:14','2017-01-22 23:41:14'),(37,194.69,724.81,11,'2017-01-22 23:41:14','2017-01-22 23:41:14'),(38,392.6,603.5,11,'2017-01-22 23:41:14','2017-01-22 23:41:14'),(39,466.95,548.94,11,'2017-01-22 23:41:14','2017-01-22 23:41:14'),(40,485.92,661.11,11,'2017-01-22 23:41:14','2017-01-22 23:41:14'),(41,503.62,526.39,11,'2017-01-22 23:41:14','2017-01-22 23:41:14'),(42,532.42,609.6,11,'2017-01-22 23:41:14','2017-01-22 23:41:14'),(43,566.63,580.34,11,'2017-01-22 23:41:14','2017-01-22 23:41:14'),(44,654.86,502.31,11,'2017-01-22 23:41:14','2017-01-22 23:41:14'),(45,704.48,585.83,11,'2017-01-22 23:41:14','2017-01-22 23:41:14'),(46,822.2,698.6,11,'2017-01-22 23:41:14','2017-01-22 23:41:14'),(47,992.75,429.77,11,'2017-01-22 23:41:14','2017-01-22 23:41:14'),(48,1073.2,356.62,11,'2017-01-22 23:41:14','2017-01-22 23:41:14'),(49,1164.92,491.95,11,'2017-01-22 23:41:14','2017-01-22 23:41:14'),(50,1289.97,227.99,11,'2017-01-22 23:41:14','2017-01-22 23:41:14'),(51,1478.67,441.96,11,'2017-01-22 23:41:14','2017-01-22 23:41:14'),(52,1538.2,396.85,11,'2017-01-22 23:41:14','2017-01-22 23:41:14'),(53,1718.41,399.29,11,'2017-01-22 23:41:14','2017-01-22 23:41:14'),(54,1766.84,199.34,11,'2017-01-22 23:41:14','2017-01-22 23:41:14'),(55,0,400,12,'2017-01-23 14:36:06','2017-01-23 14:36:06'),(56,120,350,12,'2017-01-23 14:36:06','2017-01-23 14:36:06'),(57,0,550,13,'2017-01-30 00:44:33','2017-01-30 00:44:33'),(58,56,620,13,'2017-01-30 01:36:41','2017-01-30 01:36:41');
/*!40000 ALTER TABLE `elevations` ENABLE KEYS */;
UNLOCK TABLES;

--
-- Table structure for table `headpoints`
--

DROP TABLE IF EXISTS `headpoints`;
/*!40101 SET @saved_cs_client     = @@character_set_client */;
/*!40101 SET character_set_client = utf8 */;
CREATE TABLE `headpoints` (
  `id` int(11) NOT NULL AUTO_INCREMENT,
  `pump_id` varchar(255) DEFAULT NULL,
  `flow` float DEFAULT NULL,
  `head` float DEFAULT NULL,
  `created_at` datetime NOT NULL,
  `updated_at` datetime NOT NULL,
  PRIMARY KEY (`id`),
  KEY `index_headpoints_on_pump_id` (`pump_id`)
) ENGINE=InnoDB AUTO_INCREMENT=401 DEFAULT CHARSET=utf8;
/*!40101 SET character_set_client = @saved_cs_client */;

--
-- Dumping data for table `headpoints`
--

LOCK TABLES `headpoints` WRITE;
/*!40000 ALTER TABLE `headpoints` DISABLE KEYS */;
INSERT INTO `headpoints` VALUES (40,'3',0,1380,'2016-12-15 15:52:30','2016-12-15 16:20:42'),(41,'3',1000,1370,'2016-12-15 15:52:45','2016-12-15 15:52:45'),(42,'3',2000,1360,'2016-12-15 15:52:58','2016-12-15 15:52:58'),(43,'3',3000,1352,'2016-12-15 15:53:09','2016-12-15 15:53:09'),(44,'3',4000,1350,'2016-12-15 15:53:21','2016-12-15 15:53:21'),(45,'3',5000,1340,'2016-12-15 15:53:30','2016-12-15 15:53:30'),(46,'3',6000,1330,'2016-12-15 15:53:40','2016-12-15 15:53:40'),(47,'3',7000,1305,'2016-12-15 15:53:52','2016-12-15 15:53:52'),(48,'3',8000,1270,'2016-12-15 15:54:23','2016-12-15 15:54:23'),(49,'3',9000,1225,'2016-12-15 15:54:37','2016-12-15 15:54:37'),(50,'3',10000,1170,'2016-12-15 15:57:28','2016-12-15 15:57:28'),(51,'3',10600,1130,'2016-12-15 15:57:45','2016-12-15 15:57:45'),(52,'3',11200,1080,'2016-12-15 15:58:01','2016-12-15 15:58:01'),(53,'3',11800,1035,'2016-12-15 15:58:15','2016-12-15 15:58:15'),(54,'4',0,752,'2016-12-15 16:00:04','2016-12-15 16:00:04'),(55,'4',1000,750,'2016-12-15 16:00:16','2016-12-15 16:00:16'),(56,'4',2000,748,'2016-12-15 16:00:36','2016-12-15 16:00:36'),(57,'4',3000,742,'2016-12-15 16:00:45','2016-12-15 16:00:45'),(58,'4',3900,740,'2016-12-15 16:00:58','2016-12-15 16:00:58'),(59,'4',4800,740,'2016-12-15 16:01:09','2016-12-15 16:01:09'),(60,'4',5700,730,'2016-12-15 16:01:20','2016-12-15 16:01:20'),(61,'4',6600,718,'2016-12-15 16:01:32','2016-12-15 16:01:32'),(62,'4',7500,700,'2016-12-15 16:01:44','2016-12-15 16:01:44'),(63,'4',8400,670,'2016-12-15 16:01:56','2016-12-15 16:01:56'),(64,'4',9300,632,'2016-12-15 16:02:07','2016-12-15 16:02:07'),(65,'4',10200,585,'2016-12-15 16:02:19','2016-12-15 16:02:19'),(66,'4',11100,530,'2016-12-15 16:02:31','2016-12-15 16:02:31'),(67,'4',12000,460,'2016-12-15 16:02:41','2016-12-15 16:02:41'),(68,'5',200,1794,'2016-12-15 16:04:09','2016-12-15 16:04:09'),(69,'5',600,1794,'2016-12-15 16:04:21','2016-12-15 16:04:21'),(70,'5',1000,1768,'2016-12-15 16:04:32','2016-12-15 16:04:32'),(71,'5',1400,1738,'2016-12-15 16:04:42','2016-12-15 16:04:42'),(72,'5',1800,1715,'2016-12-15 16:04:53','2016-12-15 16:04:53'),(73,'5',2200,1690,'2016-12-15 16:05:03','2016-12-15 16:05:03'),(74,'5',2600,1652,'2016-12-15 16:05:14','2016-12-15 16:05:14'),(75,'5',3000,1590,'2016-12-15 16:05:24','2016-12-15 16:05:24'),(76,'5',3400,1504,'2016-12-15 16:05:36','2016-12-15 16:05:36'),(77,'5',3800,1400,'2016-12-15 16:05:47','2016-12-15 16:05:47'),(78,'5',4200,1288,'2016-12-15 16:05:57','2016-12-15 16:05:57'),(79,'5',4600,1169,'2016-12-15 16:06:10','2016-12-15 16:06:10'),(80,'5',5000,1029,'2016-12-15 16:06:22','2016-12-15 16:06:22'),(81,'5',5275,815,'2016-12-15 16:06:33','2016-12-15 16:06:33'),(82,'6',0,1275,'2016-12-15 17:39:59','2016-12-15 17:39:59'),(83,'6',750,1265,'2016-12-15 17:40:12','2016-12-15 17:40:12'),(84,'6',1500,1260,'2016-12-15 17:40:23','2016-12-15 17:40:23'),(85,'6',2000,1260,'2016-12-15 17:40:37','2016-12-15 17:40:37'),(86,'6',2500,1260,'2016-12-15 17:40:52','2016-12-15 17:40:52'),(87,'6',3000,1260,'2016-12-15 17:41:07','2016-12-15 17:41:07'),(88,'6',3500,1250,'2016-12-15 17:41:19','2016-12-15 17:41:19'),(89,'6',4000,1235,'2016-12-15 17:41:30','2016-12-15 17:41:30'),(90,'6',4500,1220,'2016-12-15 17:41:44','2016-12-15 17:41:44'),(91,'6',5000,1200,'2016-12-15 17:41:58','2016-12-15 17:41:58'),(92,'6',5750,1145,'2016-12-15 17:42:10','2016-12-15 17:42:10'),(93,'6',6500,1080,'2016-12-15 17:42:22','2016-12-15 17:42:22'),(94,'6',7500,990,'2016-12-15 17:42:35','2016-12-15 17:42:35'),(95,'6',8500,875,'2016-12-15 17:42:47','2016-12-15 17:42:47'),(96,'7',0,920,'2016-12-15 21:22:54','2016-12-18 13:34:26'),(97,'7',750,920,'2016-12-15 21:23:20','2016-12-15 21:23:20'),(98,'7',1500,920,'2016-12-15 21:23:50','2016-12-15 21:23:50'),(99,'7',2000,920,'2016-12-15 21:24:00','2016-12-15 21:24:00'),(100,'7',2500,920,'2016-12-15 21:24:09','2016-12-15 21:24:09'),(101,'7',3000,920,'2016-12-15 21:24:17','2016-12-15 21:24:17'),(102,'7',3500,910,'2016-12-15 21:24:26','2016-12-15 21:24:26'),(103,'7',4000,895,'2016-12-15 21:24:33','2016-12-15 21:24:33'),(104,'7',4500,865,'2016-12-15 21:24:42','2016-12-15 21:24:42'),(105,'7',5000,840,'2016-12-15 21:24:50','2016-12-15 21:24:50'),(106,'7',5500,800,'2016-12-15 21:25:07','2016-12-15 21:25:07'),(107,'7',6000,765,'2016-12-15 21:25:25','2016-12-15 21:25:25'),(108,'7',6500,720,'2016-12-15 21:25:35','2016-12-15 21:25:35'),(109,'7',7000,670,'2016-12-15 21:25:44','2016-12-15 21:25:44'),(110,'8',0,990,'2016-12-15 21:30:46','2016-12-15 21:30:46'),(111,'8',1000,990,'2016-12-15 21:30:56','2016-12-15 21:30:56'),(112,'8',1500,990,'2016-12-15 21:31:10','2016-12-15 21:31:10'),(113,'8',2000,990,'2016-12-15 21:31:33','2016-12-15 21:31:33'),(114,'8',2500,984,'2016-12-15 21:31:42','2016-12-15 21:31:42'),(115,'8',3000,980,'2016-12-15 21:31:52','2016-12-15 21:31:52'),(116,'8',3500,975,'2016-12-15 21:32:02','2016-12-15 21:32:02'),(117,'8',4000,958,'2016-12-15 21:32:12','2016-12-15 21:32:12'),(118,'8',4500,925,'2016-12-15 21:32:21','2016-12-15 21:32:21'),(119,'8',5000,900,'2016-12-15 21:32:29','2016-12-15 21:32:29'),(120,'8',5500,860,'2016-12-15 21:32:38','2016-12-15 21:32:38'),(121,'8',6000,822,'2016-12-15 21:32:45','2016-12-15 21:32:45'),(122,'8',6500,767,'2016-12-15 21:32:54','2016-12-15 21:32:54'),(123,'8',7000,698,'2016-12-15 21:33:03','2016-12-15 21:33:03'),(124,'9',0,1450,'2016-12-15 21:35:36','2016-12-15 21:35:36'),(125,'9',500,1440,'2016-12-15 21:35:49','2016-12-15 21:35:49'),(126,'9',1000,1430,'2016-12-15 21:35:58','2016-12-15 21:35:58'),(127,'9',1500,1422,'2016-12-15 21:36:05','2016-12-15 21:36:05'),(128,'9',2000,1415,'2016-12-15 21:36:14','2016-12-15 21:36:14'),(129,'9',2500,1405,'2016-12-15 21:36:22','2016-12-15 21:36:22'),(130,'9',3000,1400,'2016-12-15 21:36:28','2016-12-15 21:36:28'),(131,'9',3500,1390,'2016-12-15 21:36:36','2016-12-15 21:36:36'),(132,'9',4000,1378,'2016-12-15 21:36:46','2016-12-15 21:36:46'),(133,'9',4500,1360,'2016-12-15 21:36:59','2016-12-15 21:36:59'),(134,'9',5000,1340,'2016-12-15 21:37:07','2016-12-15 21:37:07'),(135,'9',5500,1315,'2016-12-15 21:37:26','2016-12-15 21:37:26'),(136,'9',6000,1270,'2016-12-15 21:37:35','2016-12-15 21:37:35'),(137,'9',6500,1210,'2016-12-15 21:37:51','2016-12-15 21:37:51'),(138,'10',0,1900,'2016-12-15 21:41:13','2016-12-15 21:41:13'),(139,'10',500,1890,'2016-12-15 21:41:29','2016-12-15 21:41:29'),(140,'10',1000,1880,'2016-12-15 21:41:43','2016-12-15 21:41:43'),(141,'10',1500,1860,'2016-12-15 21:41:54','2016-12-15 21:41:54'),(142,'10',2000,1840,'2016-12-15 21:42:10','2016-12-15 21:42:10'),(143,'10',2500,1820,'2016-12-15 21:42:23','2016-12-15 21:42:23'),(144,'10',3000,1780,'2016-12-15 21:42:48','2016-12-15 21:42:48'),(145,'10',3500,1710,'2016-12-15 21:46:26','2016-12-15 21:46:26'),(146,'10',4000,1640,'2016-12-15 21:46:45','2016-12-15 21:46:45'),(147,'10',4500,1550,'2016-12-15 21:46:54','2016-12-15 21:46:54'),(148,'10',5000,1450,'2016-12-15 21:47:01','2016-12-15 21:47:01'),(149,'10',5500,1320,'2016-12-15 21:50:03','2016-12-15 21:50:03'),(150,'10',6000,1155,'2016-12-15 21:51:22','2016-12-15 21:51:22'),(151,'10',6500,900,'2016-12-15 21:51:38','2016-12-15 21:51:38'),(152,'11',0,1020,'2016-12-15 22:04:21','2016-12-15 22:04:21'),(153,'11',500,1020,'2016-12-15 22:04:29','2016-12-15 22:04:29'),(154,'11',1000,1020,'2016-12-15 22:04:37','2016-12-15 22:04:37'),(155,'11',1500,1020,'2016-12-15 22:04:47','2016-12-15 22:04:47'),(156,'11',2000,1015,'2016-12-15 22:04:59','2016-12-15 22:04:59'),(157,'11',2500,1005,'2016-12-15 22:05:10','2016-12-15 22:05:10'),(158,'11',3000,1000,'2016-12-15 22:05:18','2016-12-15 22:05:18'),(159,'11',3500,995,'2016-12-15 22:05:24','2016-12-15 22:05:24'),(160,'11',4000,980,'2016-12-15 22:05:46','2016-12-15 22:05:46'),(161,'11',4500,955,'2016-12-15 22:06:00','2016-12-15 22:06:00'),(162,'11',5000,930,'2016-12-15 22:06:07','2016-12-15 22:06:07'),(163,'11',5500,880,'2016-12-15 22:06:16','2016-12-15 22:06:16'),(164,'11',6000,830,'2016-12-15 22:06:26','2016-12-15 22:06:26'),(165,'11',6250,795,'2016-12-15 22:06:36','2016-12-15 22:06:36'),(166,'12',450,2150,'2016-12-15 22:11:23','2016-12-15 22:11:23'),(167,'12',800,2145,'2016-12-15 22:11:35','2016-12-15 22:11:35'),(168,'12',1150,2140,'2016-12-15 22:11:48','2016-12-15 22:11:48'),(169,'12',1500,2125,'2016-12-15 22:12:02','2016-12-15 22:12:02'),(170,'12',1850,2100,'2016-12-15 22:12:12','2016-12-15 22:12:12'),(171,'12',2200,2065,'2016-12-15 22:12:21','2016-12-15 22:12:21'),(172,'12',2550,2030,'2016-12-15 22:12:36','2016-12-15 22:12:36'),(173,'12',2900,1970,'2016-12-15 22:12:46','2016-12-15 22:12:46'),(174,'12',3250,1910,'2016-12-15 22:12:56','2016-12-15 22:12:56'),(175,'12',3600,1860,'2016-12-15 22:13:11','2016-12-15 22:13:11'),(176,'12',3950,1745,'2016-12-15 22:13:35','2016-12-15 22:13:35'),(177,'12',4300,1630,'2016-12-15 22:13:45','2016-12-15 22:13:45'),(178,'12',4650,1500,'2016-12-15 22:13:54','2016-12-15 22:13:54'),(179,'12',5000,1325,'2016-12-15 22:14:03','2016-12-15 22:14:03'),(207,'15',2000,1108,'2017-01-22 03:04:35','2017-01-22 03:04:35'),(208,'15',3000,1100,'2017-01-22 03:04:35','2017-01-22 03:04:35'),(209,'15',4000,1087,'2017-01-22 03:04:35','2017-01-22 03:04:35'),(210,'15',5000,1070,'2017-01-22 03:04:35','2017-01-22 03:04:35'),(211,'15',6000,1048,'2017-01-22 03:04:35','2017-01-22 03:04:35'),(212,'15',7000,1015,'2017-01-22 03:04:35','2017-01-22 03:04:35'),(213,'15',8000,977,'2017-01-22 03:04:35','2017-01-22 03:04:35'),(214,'15',9000,920,'2017-01-22 03:04:35','2017-01-22 03:04:35'),(215,'15',9500,880,'2017-01-22 03:04:35','2017-01-22 03:04:35'),(216,'15',10000,840,'2017-01-22 03:04:35','2017-01-22 03:04:35'),(217,'15',10500,790,'2017-01-22 03:04:35','2017-01-22 03:04:35'),(218,'15',11000,715,'2017-01-22 03:04:35','2017-01-22 03:04:35'),(219,'15',11500,590,'2017-01-22 03:04:35','2017-01-22 03:04:35'),(220,'16',1750,936,'2017-01-22 03:04:35','2017-01-22 03:04:35'),(221,'16',2000,931,'2017-01-22 03:04:35','2017-01-22 03:04:35'),(222,'16',2250,924,'2017-01-22 03:04:35','2017-01-22 03:04:35'),(223,'16',2500,918,'2017-01-22 03:04:35','2017-01-22 03:04:35'),(224,'16',2750,909,'2017-01-22 03:04:35','2017-01-22 03:04:35'),(225,'16',3000,900,'2017-01-22 03:04:35','2017-01-22 03:04:35'),(226,'16',3250,889,'2017-01-22 03:04:35','2017-01-22 03:04:35'),(227,'16',3500,878,'2017-01-22 03:04:35','2017-01-22 03:04:35'),(228,'16',3750,864,'2017-01-22 03:04:35','2017-01-22 03:04:35'),(229,'16',4000,850,'2017-01-22 03:04:35','2017-01-22 03:04:35'),(230,'16',4250,834,'2017-01-22 03:04:35','2017-01-22 03:04:35'),(231,'16',4500,817,'2017-01-22 03:04:35','2017-01-22 03:04:35'),(232,'16',4750,797,'2017-01-22 03:04:35','2017-01-22 03:04:35'),(233,'16',5000,773,'2017-01-22 03:04:35','2017-01-22 03:04:35'),(234,'17',2000,1108,'2017-01-22 23:41:13','2017-01-22 23:41:13'),(235,'17',3000,1100,'2017-01-22 23:41:13','2017-01-22 23:41:13'),(236,'17',4000,1087,'2017-01-22 23:41:13','2017-01-22 23:41:13'),(237,'17',5000,1070,'2017-01-22 23:41:13','2017-01-22 23:41:13'),(238,'17',6000,1048,'2017-01-22 23:41:13','2017-01-22 23:41:13'),(239,'17',7000,1015,'2017-01-22 23:41:13','2017-01-22 23:41:13'),(240,'17',8000,977,'2017-01-22 23:41:13','2017-01-22 23:41:13'),(241,'17',9000,920,'2017-01-22 23:41:13','2017-01-22 23:41:13'),(242,'17',9500,880,'2017-01-22 23:41:13','2017-01-22 23:41:13'),(243,'17',10000,840,'2017-01-22 23:41:13','2017-01-22 23:41:13'),(244,'17',10500,790,'2017-01-22 23:41:13','2017-01-22 23:41:13'),(245,'17',11000,715,'2017-01-22 23:41:13','2017-01-22 23:41:13'),(246,'17',11500,590,'2017-01-22 23:41:13','2017-01-22 23:41:13'),(247,'18',1750,936,'2017-01-22 23:41:13','2017-01-22 23:41:13'),(248,'18',2000,931,'2017-01-22 23:41:13','2017-01-22 23:41:13'),(249,'18',2250,924,'2017-01-22 23:41:13','2017-01-22 23:41:13'),(250,'18',2500,918,'2017-01-22 23:41:13','2017-01-22 23:41:13'),(251,'18',2750,909,'2017-01-22 23:41:13','2017-01-22 23:41:13'),(252,'18',3000,900,'2017-01-22 23:41:13','2017-01-22 23:41:13'),(253,'18',3250,889,'2017-01-22 23:41:13','2017-01-22 23:41:13'),(254,'18',3500,878,'2017-01-22 23:41:13','2017-01-22 23:41:13'),(255,'18',3750,864,'2017-01-22 23:41:13','2017-01-22 23:41:13'),(256,'18',4000,850,'2017-01-22 23:41:13','2017-01-22 23:41:13'),(257,'18',4250,834,'2017-01-22 23:41:13','2017-01-22 23:41:13'),(258,'18',4500,817,'2017-01-22 23:41:13','2017-01-22 23:41:13'),(259,'18',4750,797,'2017-01-22 23:41:13','2017-01-22 23:41:13'),(260,'18',5000,773,'2017-01-22 23:41:13','2017-01-22 23:41:13'),(261,'19',0,1380,'2017-01-22 23:41:13','2017-01-22 23:41:13'),(262,'19',1000,1370,'2017-01-22 23:41:13','2017-01-22 23:41:13'),(263,'19',2000,1360,'2017-01-22 23:41:13','2017-01-22 23:41:13'),(264,'19',3000,1352,'2017-01-22 23:41:13','2017-01-22 23:41:13'),(265,'19',4000,1350,'2017-01-22 23:41:13','2017-01-22 23:41:13'),(266,'19',5000,1340,'2017-01-22 23:41:13','2017-01-22 23:41:13'),(267,'19',6000,1330,'2017-01-22 23:41:13','2017-01-22 23:41:13'),(268,'19',7000,1305,'2017-01-22 23:41:13','2017-01-22 23:41:13'),(269,'19',8000,1270,'2017-01-22 23:41:13','2017-01-22 23:41:13'),(270,'19',9000,1225,'2017-01-22 23:41:13','2017-01-22 23:41:13'),(271,'19',10000,1170,'2017-01-22 23:41:13','2017-01-22 23:41:13'),(272,'19',10600,1130,'2017-01-22 23:41:13','2017-01-22 23:41:13'),(273,'19',11200,1080,'2017-01-22 23:41:13','2017-01-22 23:41:13'),(274,'19',11800,1035,'2017-01-22 23:41:13','2017-01-22 23:41:13'),(275,'20',0,752,'2017-01-22 23:41:13','2017-01-22 23:41:13'),(276,'20',1000,750,'2017-01-22 23:41:13','2017-01-22 23:41:13'),(277,'20',2000,748,'2017-01-22 23:41:13','2017-01-22 23:41:13'),(278,'20',3000,742,'2017-01-22 23:41:13','2017-01-22 23:41:13'),(279,'20',3900,740,'2017-01-22 23:41:13','2017-01-22 23:41:13'),(280,'20',4800,740,'2017-01-22 23:41:13','2017-01-22 23:41:13'),(281,'20',5700,730,'2017-01-22 23:41:13','2017-01-22 23:41:13'),(282,'20',6600,718,'2017-01-22 23:41:13','2017-01-22 23:41:13'),(283,'20',7500,700,'2017-01-22 23:41:13','2017-01-22 23:41:13'),(284,'20',8400,670,'2017-01-22 23:41:13','2017-01-22 23:41:13'),(285,'20',9300,632,'2017-01-22 23:41:13','2017-01-22 23:41:13'),(286,'20',10200,585,'2017-01-22 23:41:13','2017-01-22 23:41:13'),(287,'20',11100,530,'2017-01-22 23:41:13','2017-01-22 23:41:13'),(288,'20',12000,460,'2017-01-22 23:41:13','2017-01-22 23:41:13'),(289,'21',200,1794,'2017-01-22 23:41:13','2017-01-22 23:41:13'),(290,'21',600,1794,'2017-01-22 23:41:13','2017-01-22 23:41:13'),(291,'21',1000,1768,'2017-01-22 23:41:13','2017-01-22 23:41:13'),(292,'21',1400,1738,'2017-01-22 23:41:13','2017-01-22 23:41:13'),(293,'21',1800,1715,'2017-01-22 23:41:13','2017-01-22 23:41:13'),(294,'21',2200,1690,'2017-01-22 23:41:13','2017-01-22 23:41:13'),(295,'21',2600,1652,'2017-01-22 23:41:13','2017-01-22 23:41:13'),(296,'21',3000,1590,'2017-01-22 23:41:13','2017-01-22 23:41:13'),(297,'21',3400,1504,'2017-01-22 23:41:13','2017-01-22 23:41:13'),(298,'21',3800,1400,'2017-01-22 23:41:13','2017-01-22 23:41:13'),(299,'21',4200,1288,'2017-01-22 23:41:13','2017-01-22 23:41:13'),(300,'21',4600,1169,'2017-01-22 23:41:13','2017-01-22 23:41:13'),(301,'21',5000,1029,'2017-01-22 23:41:13','2017-01-22 23:41:13'),(302,'21',5275,815,'2017-01-22 23:41:13','2017-01-22 23:41:13'),(303,'22',0,1275,'2017-01-22 23:41:13','2017-01-22 23:41:13'),(304,'22',750,1265,'2017-01-22 23:41:13','2017-01-22 23:41:13'),(305,'22',1500,1260,'2017-01-22 23:41:13','2017-01-22 23:41:13'),(306,'22',2000,1260,'2017-01-22 23:41:13','2017-01-22 23:41:13'),(307,'22',2500,1260,'2017-01-22 23:41:13','2017-01-22 23:41:13'),(308,'22',3000,1260,'2017-01-22 23:41:13','2017-01-22 23:41:13'),(309,'22',3500,1250,'2017-01-22 23:41:13','2017-01-22 23:41:13'),(310,'22',4000,1235,'2017-01-22 23:41:13','2017-01-22 23:41:13'),(311,'22',4500,1220,'2017-01-22 23:41:13','2017-01-22 23:41:13'),(312,'22',5000,1200,'2017-01-22 23:41:13','2017-01-22 23:41:13'),(313,'22',5750,1145,'2017-01-22 23:41:13','2017-01-22 23:41:13'),(314,'22',6500,1080,'2017-01-22 23:41:13','2017-01-22 23:41:13'),(315,'22',7500,990,'2017-01-22 23:41:13','2017-01-22 23:41:13'),(316,'22',8500,875,'2017-01-22 23:41:13','2017-01-22 23:41:13'),(317,'23',0,920,'2017-01-22 23:41:13','2017-01-22 23:41:13'),(318,'23',750,920,'2017-01-22 23:41:13','2017-01-22 23:41:13'),(319,'23',1500,920,'2017-01-22 23:41:13','2017-01-22 23:41:13'),(320,'23',2000,920,'2017-01-22 23:41:13','2017-01-22 23:41:13'),(321,'23',2500,920,'2017-01-22 23:41:13','2017-01-22 23:41:13'),(322,'23',3000,920,'2017-01-22 23:41:13','2017-01-22 23:41:13'),(323,'23',3500,910,'2017-01-22 23:41:13','2017-01-22 23:41:13'),(324,'23',4000,895,'2017-01-22 23:41:13','2017-01-22 23:41:13'),(325,'23',4500,865,'2017-01-22 23:41:13','2017-01-22 23:41:13'),(326,'23',5000,840,'2017-01-22 23:41:13','2017-01-22 23:41:13'),(327,'23',5500,800,'2017-01-22 23:41:13','2017-01-22 23:41:13'),(328,'23',6000,765,'2017-01-22 23:41:13','2017-01-22 23:41:13'),(329,'23',6500,720,'2017-01-22 23:41:13','2017-01-22 23:41:13'),(330,'23',7000,670,'2017-01-22 23:41:13','2017-01-22 23:41:13'),(331,'24',0,990,'2017-01-22 23:41:13','2017-01-22 23:41:13'),(332,'24',1000,990,'2017-01-22 23:41:13','2017-01-22 23:41:13'),(333,'24',1500,990,'2017-01-22 23:41:13','2017-01-22 23:41:13'),(334,'24',2000,990,'2017-01-22 23:41:13','2017-01-22 23:41:13'),(335,'24',2500,984,'2017-01-22 23:41:13','2017-01-22 23:41:13'),(336,'24',3000,980,'2017-01-22 23:41:13','2017-01-22 23:41:13'),(337,'24',3500,975,'2017-01-22 23:41:13','2017-01-22 23:41:13'),(338,'24',4000,958,'2017-01-22 23:41:13','2017-01-22 23:41:13'),(339,'24',4500,925,'2017-01-22 23:41:13','2017-01-22 23:41:13'),(340,'24',5000,900,'2017-01-22 23:41:13','2017-01-22 23:41:13'),(341,'24',5500,860,'2017-01-22 23:41:13','2017-01-22 23:41:13'),(342,'24',6000,822,'2017-01-22 23:41:13','2017-01-22 23:41:13'),(343,'24',6500,767,'2017-01-22 23:41:13','2017-01-22 23:41:13'),(344,'24',7000,698,'2017-01-22 23:41:13','2017-01-22 23:41:13'),(345,'25',0,1450,'2017-01-22 23:41:13','2017-01-22 23:41:13'),(346,'25',500,1440,'2017-01-22 23:41:13','2017-01-22 23:41:13'),(347,'25',1000,1430,'2017-01-22 23:41:13','2017-01-22 23:41:13'),(348,'25',1500,1422,'2017-01-22 23:41:13','2017-01-22 23:41:13'),(349,'25',2000,1415,'2017-01-22 23:41:13','2017-01-22 23:41:13'),(350,'25',2500,1405,'2017-01-22 23:41:13','2017-01-22 23:41:13'),(351,'25',3000,1400,'2017-01-22 23:41:13','2017-01-22 23:41:13'),(352,'25',3500,1390,'2017-01-22 23:41:13','2017-01-22 23:41:13'),(353,'25',4000,1378,'2017-01-22 23:41:13','2017-01-22 23:41:13'),(354,'25',4500,1360,'2017-01-22 23:41:13','2017-01-22 23:41:13'),(355,'25',5000,1340,'2017-01-22 23:41:13','2017-01-22 23:41:13'),(356,'25',5500,1315,'2017-01-22 23:41:13','2017-01-22 23:41:13'),(357,'25',6000,1270,'2017-01-22 23:41:13','2017-01-22 23:41:13'),(358,'25',6500,1210,'2017-01-22 23:41:13','2017-01-22 23:41:13'),(359,'26',0,1900,'2017-01-22 23:41:13','2017-01-22 23:41:13'),(360,'26',500,1890,'2017-01-22 23:41:13','2017-01-22 23:41:13'),(361,'26',1000,1880,'2017-01-22 23:41:13','2017-01-22 23:41:13'),(362,'26',1500,1860,'2017-01-22 23:41:13','2017-01-22 23:41:13'),(363,'26',2000,1840,'2017-01-22 23:41:13','2017-01-22 23:41:13'),(364,'26',2500,1820,'2017-01-22 23:41:13','2017-01-22 23:41:13'),(365,'26',3000,1780,'2017-01-22 23:41:13','2017-01-22 23:41:13'),(366,'26',3500,1710,'2017-01-22 23:41:13','2017-01-22 23:41:13'),(367,'26',4000,1640,'2017-01-22 23:41:13','2017-01-22 23:41:13'),(368,'26',4500,1550,'2017-01-22 23:41:13','2017-01-22 23:41:13'),(369,'26',5000,1450,'2017-01-22 23:41:13','2017-01-22 23:41:13'),(370,'26',5500,1320,'2017-01-22 23:41:13','2017-01-22 23:41:13'),(371,'26',6000,1155,'2017-01-22 23:41:13','2017-01-22 23:41:13'),(372,'26',6500,900,'2017-01-22 23:41:13','2017-01-22 23:41:13'),(373,'27',0,1020,'2017-01-22 23:41:13','2017-01-22 23:41:13'),(374,'27',500,1020,'2017-01-22 23:41:13','2017-01-22 23:41:13'),(375,'27',1000,1020,'2017-01-22 23:41:13','2017-01-22 23:41:13'),(376,'27',1500,1020,'2017-01-22 23:41:13','2017-01-22 23:41:13'),(377,'27',2000,1015,'2017-01-22 23:41:13','2017-01-22 23:41:13'),(378,'27',2500,1005,'2017-01-22 23:41:13','2017-01-22 23:41:13'),(379,'27',3000,1000,'2017-01-22 23:41:13','2017-01-22 23:41:13'),(380,'27',3500,995,'2017-01-22 23:41:13','2017-01-22 23:41:13'),(381,'27',4000,980,'2017-01-22 23:41:13','2017-01-22 23:41:13'),(382,'27',4500,955,'2017-01-22 23:41:13','2017-01-22 23:41:13'),(383,'27',5000,930,'2017-01-22 23:41:13','2017-01-22 23:41:13'),(384,'27',5500,880,'2017-01-22 23:41:13','2017-01-22 23:41:13'),(385,'27',6000,830,'2017-01-22 23:41:13','2017-01-22 23:41:13'),(386,'27',6250,795,'2017-01-22 23:41:13','2017-01-22 23:41:13'),(387,'28',450,2150,'2017-01-22 23:41:13','2017-01-22 23:41:13'),(388,'28',800,2145,'2017-01-22 23:41:13','2017-01-22 23:41:13'),(389,'28',1150,2140,'2017-01-22 23:41:13','2017-01-22 23:41:13'),(390,'28',1500,2125,'2017-01-22 23:41:13','2017-01-22 23:41:13'),(391,'28',1850,2100,'2017-01-22 23:41:13','2017-01-22 23:41:13'),(392,'28',2200,2065,'2017-01-22 23:41:13','2017-01-22 23:41:13'),(393,'28',2550,2030,'2017-01-22 23:41:13','2017-01-22 23:41:13'),(394,'28',2900,1970,'2017-01-22 23:41:13','2017-01-22 23:41:13'),(395,'28',3250,1910,'2017-01-22 23:41:13','2017-01-22 23:41:13'),(396,'28',3600,1860,'2017-01-22 23:41:13','2017-01-22 23:41:13'),(397,'28',3950,1745,'2017-01-22 23:41:13','2017-01-22 23:41:13'),(398,'28',4300,1630,'2017-01-22 23:41:13','2017-01-22 23:41:13'),(399,'28',4650,1500,'2017-01-22 23:41:13','2017-01-22 23:41:13'),(400,'28',5000,1325,'2017-01-22 23:41:13','2017-01-22 23:41:13');
/*!40000 ALTER TABLE `headpoints` ENABLE KEYS */;
UNLOCK TABLES;

--
-- Table structure for table `nominations`
--

DROP TABLE IF EXISTS `nominations`;
/*!40101 SET @saved_cs_client     = @@character_set_client */;
/*!40101 SET character_set_client = utf8 */;
CREATE TABLE `nominations` (
  `id` int(11) NOT NULL AUTO_INCREMENT,
  `name` varchar(255) COLLATE utf8_unicode_ci DEFAULT NULL,
  `description` varchar(255) COLLATE utf8_unicode_ci DEFAULT NULL,
  `nom_date` date DEFAULT NULL,
  `period` float DEFAULT NULL,
  `created_at` datetime NOT NULL,
  `updated_at` datetime NOT NULL,
  `pipeline_id` int(11) DEFAULT NULL,
  PRIMARY KEY (`id`)
) ENGINE=InnoDB AUTO_INCREMENT=14 DEFAULT CHARSET=utf8 COLLATE=utf8_unicode_ci;
/*!40101 SET character_set_client = @saved_cs_client */;

--
-- Dumping data for table `nominations`
--

LOCK TABLES `nominations` WRITE;
/*!40000 ALTER TABLE `nominations` DISABLE KEYS */;
INSERT INTO `nominations` VALUES (1,'2016-04','test nomination','2016-04-01',30,'2016-03-24 02:26:37','2016-12-20 16:59:26',1),(2,'2016-05','May 2016 Nominations','2016-05-01',31,'2016-05-26 13:16:20','2016-12-20 16:59:52',1),(3,'1WMS01','Test Nominations for 1wms01','2016-05-30',31,'2016-05-30 16:56:20','2016-12-20 17:01:44',6),(4,'2016-11','Test nomination','2016-11-01',30,'2016-11-26 23:02:55','2017-01-22 23:00:53',1),(5,'My Test 02 Nom','Testing entry of nomination','2016-12-03',31,'2016-12-03 05:36:12','2016-12-20 17:00:36',1),(6,'Line 1 Test 2016-12','Testing against BPFLOW results','2016-12-01',31,'2016-12-15 22:33:05','2016-12-20 17:00:24',1),(7,'Line 1 simple 1 nom','Test with just one nomination','2016-12-01',31,'2016-12-15 23:10:46','2016-12-20 17:00:13',1),(8,'Small Nom','Testing','2016-12-01',31,'2016-12-16 20:20:48','2017-01-18 21:13:36',9),(10,'2016-11','Test nomination','2016-11-01',30,'2017-01-22 23:41:14','2017-01-22 23:41:14',11),(11,'Small Nom','Testing','2016-12-01',31,'2017-01-23 14:36:06','2017-01-23 14:36:06',12),(12,'One Pump Stn Nom','Nom for One Pump Stn','2017-01-01',31,'2017-01-30 00:45:56','2017-01-30 00:45:56',13),(13,'Small Nom 2','Small Nom with only intermediate injections','2017-01-01',31,'2017-01-30 15:27:45','2017-01-30 15:27:45',9);
/*!40000 ALTER TABLE `nominations` ENABLE KEYS */;
UNLOCK TABLES;

--
-- Table structure for table `pipelines`
--

DROP TABLE IF EXISTS `pipelines`;
/*!40101 SET @saved_cs_client     = @@character_set_client */;
/*!40101 SET character_set_client = utf8 */;
CREATE TABLE `pipelines` (
  `id` int(11) NOT NULL AUTO_INCREMENT,
  `name` varchar(255) COLLATE utf8_unicode_ci DEFAULT NULL,
  `description` text COLLATE utf8_unicode_ci,
  `created_at` datetime NOT NULL,
  `updated_at` datetime NOT NULL,
  `user_id` int(11) DEFAULT NULL,
  PRIMARY KEY (`id`)
) ENGINE=InnoDB AUTO_INCREMENT=14 DEFAULT CHARSET=utf8 COLLATE=utf8_unicode_ci;
/*!40101 SET character_set_client = @saved_cs_client */;

--
-- Dumping data for table `pipelines`
--

LOCK TABLES `pipelines` WRITE;
/*!40000 ALTER TABLE `pipelines` DISABLE KEYS */;
INSERT INTO `pipelines` VALUES (1,'Line 1','Enbridge line 01.  This is the first line used for testing Phastline','2016-04-02 02:25:58','2017-01-22 22:54:22',1),(6,'1WMS01','Simple Test Line - same used with BPFLOW','2016-05-30 16:50:15','2017-01-20 23:44:11',1),(9,'Small Pipeline','A small pipeline for testing purposes.','2016-12-16 20:16:54','2017-01-22 22:53:46',1),(11,'Line 1','Enbridge Line 1','2017-01-22 23:41:13','2017-01-22 23:41:13',2),(12,'Small Pipeline','A small pipeline for testing purposes.','2017-01-23 14:36:05','2017-01-23 14:36:05',2),(13,'One Pump Stn Line','Only one pumping station','2017-01-30 00:42:50','2017-01-30 00:42:50',1);
/*!40000 ALTER TABLE `pipelines` ENABLE KEYS */;
UNLOCK TABLES;

--
-- Table structure for table `pumps`
--

DROP TABLE IF EXISTS `pumps`;
/*!40101 SET @saved_cs_client     = @@character_set_client */;
/*!40101 SET character_set_client = utf8 */;
CREATE TABLE `pumps` (
  `id` int(11) NOT NULL AUTO_INCREMENT,
  `pump_id` varchar(255) DEFAULT NULL,
  `description` text,
  `flow_units` varchar(255) DEFAULT NULL,
  `head_units` varchar(255) DEFAULT NULL,
  `pressure_units` varchar(255) DEFAULT NULL,
  `minimum_suction` float DEFAULT NULL,
  `stages` int(11) DEFAULT NULL,
  `impeller_diameter` float DEFAULT NULL,
  `created_at` datetime NOT NULL,
  `updated_at` datetime NOT NULL,
  `efficiency_correction_factor` float DEFAULT NULL,
  `capacity_correction_factor` float DEFAULT NULL,
  `head_correction_factor` float DEFAULT NULL,
  `user_id` int(11) DEFAULT NULL,
  PRIMARY KEY (`id`)
) ENGINE=InnoDB AUTO_INCREMENT=29 DEFAULT CHARSET=utf8;
/*!40101 SET character_set_client = @saved_cs_client */;

--
-- Dumping data for table `pumps`
--

LOCK TABLES `pumps` WRITE;
/*!40000 ALTER TABLE `pumps` DISABLE KEYS */;
INSERT INTO `pumps` VALUES (3,'B-C-567','','gallons/min','feet','psi',50,1,1,'2016-12-15 15:51:40','2016-12-15 15:51:40',1,1,1,1),(4,'B-C-568','','gallons/min','feet','psi',50,1,1,'2016-12-15 15:59:36','2016-12-15 15:59:36',1,1,1,1),(5,'B-33118A','','gallons/min','feet','psi',50,1,1,'2016-12-15 16:03:56','2016-12-15 16:06:55',1,1,1,1),(6,'B-C-3712','','gallons/min','feet','psi',50,1,1,'2016-12-15 17:39:40','2016-12-15 17:39:40',1,1,1,1),(7,'B-C-3692','','gallons/min','feet','psi',50,1,1,'2016-12-15 21:19:26','2016-12-15 21:19:26',1,1,1,1),(8,'B-C3699','','gallons/min','feet','psi',1,1,1,'2016-12-15 21:28:28','2016-12-15 21:28:28',1,1,1,1),(9,'BJTC4102','','gallons/min','feet','psi',50,1,1,'2016-12-15 21:35:21','2016-12-15 21:35:21',1,1,1,1),(10,'B-E213','','gallons/min','feet','psi',50,1,1,'2016-12-15 21:40:52','2016-12-15 21:40:52',1,1,1,1),(11,'B-C-572','','gallons/min','feet','kpa',50,1,1,'2016-12-15 22:04:11','2016-12-15 22:04:11',1,1,1,1),(12,'B-27874','','gallons/min','feet','psi',50,1,1,'2016-12-15 22:11:06','2016-12-15 22:11:06',1,1,1,1),(15,'B-23674A','Bingham pump for testing','gallons/min','feet','psi',50,1,1,'2017-01-22 03:04:35','2017-01-22 03:04:35',1,1,1,1),(16,'B-24324A','Bingham pump for testing','gallons/min','feet','psi',50,1,1,'2017-01-22 03:04:35','2017-01-22 03:04:35',1,1,1,1),(17,'B-23674A','Bingham pump','gallons/min','feet','psi',50,1,1,'2017-01-22 23:41:13','2017-01-22 23:41:13',1,1,1,2),(18,'B-24324A','Bingham pump','gallons/min','feet','psi',50,1,1,'2017-01-22 23:41:13','2017-01-22 23:41:13',1,1,1,2),(19,'B-C-567','Bingham pump','gallons/min','feet','psi',50,1,1,'2017-01-22 23:41:13','2017-01-22 23:41:13',1,1,1,2),(20,'B-C-568','Bingham pump','gallons/min','feet','psi',50,1,1,'2017-01-22 23:41:13','2017-01-22 23:41:13',1,1,1,2),(21,'B-33118A','Bingham pump','gallons/min','feet','psi',50,1,1,'2017-01-22 23:41:13','2017-01-22 23:41:13',1,1,1,2),(22,'B-C-3712','Bingham pump','gallons/min','feet','psi',50,1,1,'2017-01-22 23:41:13','2017-01-22 23:41:13',1,1,1,2),(23,'B-C-3692','Bingham pump','gallons/min','feet','psi',50,1,1,'2017-01-22 23:41:13','2017-01-22 23:41:13',1,1,1,2),(24,'B-C3699','Bingham pump','gallons/min','feet','psi',50,1,1,'2017-01-22 23:41:13','2017-01-22 23:41:13',1,1,1,2),(25,'BJTC4102','Bingham pump','gallons/min','feet','psi',50,1,1,'2017-01-22 23:41:13','2017-01-22 23:41:13',1,1,1,2),(26,'B-E213','Bingham pump','gallons/min','feet','psi',50,1,1,'2017-01-22 23:41:13','2017-01-22 23:41:13',1,1,1,2),(27,'B-C-572','Bingham pump','gallons/min','feet','psi',50,1,1,'2017-01-22 23:41:13','2017-01-22 23:41:13',1,1,1,2),(28,'B-27874','Bingham pump','gallons/min','feet','psi',50,1,1,'2017-01-22 23:41:13','2017-01-22 23:41:13',1,1,1,2);
/*!40000 ALTER TABLE `pumps` ENABLE KEYS */;
UNLOCK TABLES;

--
-- Table structure for table `results`
--

DROP TABLE IF EXISTS `results`;
/*!40101 SET @saved_cs_client     = @@character_set_client */;
/*!40101 SET character_set_client = utf8 */;
CREATE TABLE `results` (
  `id` int(11) NOT NULL AUTO_INCREMENT,
  `simulation_id` int(11) DEFAULT NULL,
  `simulation_name` varchar(255) DEFAULT NULL,
  `step` int(11) DEFAULT NULL,
  `timestamp` datetime DEFAULT NULL,
  `kmp` float DEFAULT NULL,
  `station_id` int(11) DEFAULT NULL,
  `stat` varchar(255) DEFAULT NULL,
  `flow` float DEFAULT NULL,
  `pumped_volume` float DEFAULT NULL,
  `upstream_batch` varchar(255) DEFAULT NULL,
  `downstream_batch` varchar(255) DEFAULT NULL,
  `hold` float DEFAULT NULL,
  `suct` float DEFAULT NULL,
  `head` float DEFAULT NULL,
  `casep` float DEFAULT NULL,
  `disc` float DEFAULT NULL,
  `max_disc_pressure` float DEFAULT NULL,
  `min_pressure_violation` float DEFAULT NULL,
  `min_pressure_point` float DEFAULT NULL,
  `max_pressure_violation` float DEFAULT NULL,
  `max_pressure_point` float DEFAULT NULL,
  `total_static_loss` float DEFAULT NULL,
  `total_dynamic_loss` float DEFAULT NULL,
  `created_at` datetime NOT NULL,
  `updated_at` datetime NOT NULL,
  `station_curve_data` text,
  `batch_sequence_data` text,
  `hhp` float DEFAULT NULL,
  `step_time` float DEFAULT NULL,
  `linefill` text,
  PRIMARY KEY (`id`),
  KEY `index_results_on_simulation_id` (`simulation_id`)
) ENGINE=InnoDB DEFAULT CHARSET=utf8;
/*!40101 SET character_set_client = @saved_cs_client */;

--
-- Dumping data for table `results`
--

LOCK TABLES `results` WRITE;
/*!40000 ALTER TABLE `results` DISABLE KEYS */;
/*!40000 ALTER TABLE `results` ENABLE KEYS */;
UNLOCK TABLES;

--
-- Table structure for table `schedules`
--

DROP TABLE IF EXISTS `schedules`;
/*!40101 SET @saved_cs_client     = @@character_set_client */;
/*!40101 SET character_set_client = utf8 */;
CREATE TABLE `schedules` (
  `id` int(11) NOT NULL AUTO_INCREMENT,
  `name` varchar(255) DEFAULT NULL,
  `description` text,
  `start_date` date DEFAULT NULL,
  `period` int(11) DEFAULT NULL,
  `sched_type` varchar(255) DEFAULT NULL,
  `created_at` datetime NOT NULL,
  `updated_at` datetime NOT NULL,
  `pipeline_id` int(11) DEFAULT NULL,
  PRIMARY KEY (`id`)
) ENGINE=InnoDB AUTO_INCREMENT=9 DEFAULT CHARSET=utf8;
/*!40101 SET character_set_client = @saved_cs_client */;

--
-- Dumping data for table `schedules`
--

LOCK TABLES `schedules` WRITE;
/*!40000 ALTER TABLE `schedules` DISABLE KEYS */;
INSERT INTO `schedules` VALUES (1,'Small Sched 2','Initial schedule for Small Pipeline simulation.','2016-12-01',31,'PRIOR','2016-12-19 16:38:48','2017-01-22 22:31:47',9),(3,'Initial Line 1','Initial schedule for line 1 simulations.','2016-12-01',30,'PRIOR','2016-12-19 22:52:30','2016-12-21 18:26:16',1),(4,'Small Sched 1','Test initial schedule for line 1','2017-01-01',31,'PRIOR','2017-01-12 01:59:05','2017-01-22 22:31:59',9),(6,'Initial Line 1','Initial schedule for line 1 simulations','2016-12-01',30,'PRIOR','2017-01-22 23:41:14','2017-01-22 23:41:14',11),(7,'Small Sched 1','Test initial schedule for Small Pipeline','2017-01-01',31,'PRIOR','2017-01-23 14:36:06','2017-01-23 14:36:06',12),(8,'One Pump Stn Sched','Schedule for One Pump Stn','2017-01-01',31,'PRIOR','2017-01-30 00:46:32','2017-01-30 00:46:32',13);
/*!40000 ALTER TABLE `schedules` ENABLE KEYS */;
UNLOCK TABLES;

--
-- Table structure for table `schema_migrations`
--

DROP TABLE IF EXISTS `schema_migrations`;
/*!40101 SET @saved_cs_client     = @@character_set_client */;
/*!40101 SET character_set_client = utf8 */;
CREATE TABLE `schema_migrations` (
  `version` varchar(255) COLLATE utf8_unicode_ci NOT NULL,
  UNIQUE KEY `unique_schema_migrations` (`version`)
) ENGINE=InnoDB DEFAULT CHARSET=utf8 COLLATE=utf8_unicode_ci;
/*!40101 SET character_set_client = @saved_cs_client */;

--
-- Dumping data for table `schema_migrations`
--

LOCK TABLES `schema_migrations` WRITE;
/*!40000 ALTER TABLE `schema_migrations` DISABLE KEYS */;
INSERT INTO `schema_migrations` VALUES ('20160316204320'),('20160316230347'),('20160318143858'),('20160320011737'),('20160321011250'),('20160321012411'),('20160321013825'),('20160321020204'),('20160321023024'),('20160321025902'),('20160321144602'),('20160321225915'),('20160322133222'),('20160323010450'),('20160323213503'),('20160324005925'),('20160324011230'),('20160324140620'),('20160520003845'),('20160522004715'),('20161130002858'),('20161201002244'),('20161201011832'),('20161201151138'),('20161201163219'),('20161204013321'),('20161205171241'),('20161205172258'),('20161207213530'),('20161213023235'),('20161213192606'),('20161214000606'),('20161216020716'),('20161216051932'),('20161216164204'),('20161219151050'),('20161219152436'),('20161219200958'),('20161219204143'),('20161219211432'),('20161220015958'),('20161220143150'),('20161220164256'),('20161222172802'),('20170110145402'),('20170118150104'),('20170118150658'),('20170118153020'),('20170118181347'),('20170118181842'),('20170118184713'),('20170118193516'),('20170118195658'),('20170118202058'),('20170118210401'),('20170120225643'),('20170120233104'),('20170121015439'),('20170125195348'),('20170128131415'),('20170130145437');
/*!40000 ALTER TABLE `schema_migrations` ENABLE KEYS */;
UNLOCK TABLES;

--
-- Table structure for table `segments`
--

DROP TABLE IF EXISTS `segments`;
/*!40101 SET @saved_cs_client     = @@character_set_client */;
/*!40101 SET character_set_client = utf8 */;
CREATE TABLE `segments` (
  `id` int(11) NOT NULL AUTO_INCREMENT,
  `diameter` float DEFAULT NULL,
  `thickness` float DEFAULT NULL,
  `roughness` float DEFAULT NULL,
  `mawp` float DEFAULT NULL,
  `pipeline_id` int(11) DEFAULT NULL,
  `created_at` datetime NOT NULL,
  `updated_at` datetime NOT NULL,
  `kmp` float DEFAULT NULL,
  PRIMARY KEY (`id`),
  KEY `index_segments_on_pipeline_id` (`pipeline_id`),
  CONSTRAINT `fk_rails_ffb59fe1d0` FOREIGN KEY (`pipeline_id`) REFERENCES `pipelines` (`id`)
) ENGINE=InnoDB AUTO_INCREMENT=65 DEFAULT CHARSET=utf8 COLLATE=utf8_unicode_ci;
/*!40101 SET character_set_client = @saved_cs_client */;

--
-- Dumping data for table `segments`
--

LOCK TABLES `segments` WRITE;
/*!40000 ALTER TABLE `segments` DISABLE KEYS */;
INSERT INTO `segments` VALUES (1,0.49,0.05,0.00000381,10000,1,'2016-04-02 02:29:45','2016-04-02 02:29:45',0),(2,0.492,0.05,0.00000381,10000,1,'2016-04-02 02:30:31','2016-04-02 02:30:31',14.34),(3,0.49,0.05,0.00000381,10000,1,'2016-04-02 02:30:58','2016-04-02 02:30:58',176),(4,0.492,0.05,0.00000381,10000,1,'2016-04-02 02:31:56','2016-04-02 02:31:56',188.4),(5,0.49,0.05,0.00000381,10000,1,'2016-04-02 02:33:32','2016-04-02 02:33:32',351.95),(6,0.492,0.05,0.00000381,10000,1,'2016-04-02 02:34:02','2016-04-02 02:34:02',428.24),(7,0.4874,0.05,0.00000381,10000,1,'2016-04-02 02:35:03','2016-04-02 02:35:03',538.18),(8,0.49,0.05,0.00000381,10000,1,'2016-04-02 02:35:37','2016-04-02 02:35:37',538.24),(9,0.492,0.05,0.00000381,10000,1,'2016-04-02 02:36:09','2016-04-02 02:36:09',566.63),(10,0.39,0.05,0.00000381,10000,1,'2016-04-02 02:37:30','2016-04-02 02:37:30',704.48),(11,0.443,0.05,0.00000381,10000,1,'2016-04-02 02:37:51','2016-04-02 02:37:51',899.74),(12,0.39,0.05,0.00000381,10000,1,'2016-04-02 02:38:17','2016-04-02 02:38:17',959.77),(13,0.443,0.05,0.00000381,10000,1,'2016-04-02 02:38:37','2016-04-02 02:38:37',1242.61),(14,0.443,0.05,0.00000381,10000,1,'2016-04-02 02:38:58','2016-04-02 02:38:58',1766.84),(36,0.3,0.005,0.00000381,10000,6,'2016-05-30 16:51:39','2016-05-31 13:58:12',0),(37,0.3,0.005,0.00000381,10000,6,'2016-05-30 16:52:00','2016-10-06 18:16:41',60),(40,0.3,0.005,0.00000381,10000,6,'2016-12-15 16:09:22','2016-12-15 16:09:22',30),(41,0.5,0.05,0.00000381,20000,9,'2016-12-16 20:18:01','2016-12-16 20:18:01',0),(43,0.5,0.05,0.00000381,20000,9,'2017-01-14 02:22:34','2017-01-14 02:22:34',120),(47,0.49,0.05,0.00000381,10000,11,'2017-01-22 23:41:14','2017-01-22 23:41:14',0),(48,0.492,0.05,0.00000381,10000,11,'2017-01-22 23:41:14','2017-01-22 23:41:14',14.34),(49,0.49,0.05,0.00000381,10000,11,'2017-01-22 23:41:14','2017-01-22 23:41:14',176),(50,0.492,0.05,0.00000381,10000,11,'2017-01-22 23:41:14','2017-01-22 23:41:14',188.4),(51,0.49,0.05,0.00000381,10000,11,'2017-01-22 23:41:14','2017-01-22 23:41:14',351.95),(52,0.492,0.05,0.00000381,10000,11,'2017-01-22 23:41:14','2017-01-22 23:41:14',428.24),(53,0.4874,0.05,0.00000381,10000,11,'2017-01-22 23:41:14','2017-01-22 23:41:14',538.18),(54,0.49,0.05,0.00000381,10000,11,'2017-01-22 23:41:14','2017-01-22 23:41:14',538.24),(55,0.492,0.05,0.00000381,10000,11,'2017-01-22 23:41:14','2017-01-22 23:41:14',566.63),(56,0.39,0.05,0.00000381,10000,11,'2017-01-22 23:41:14','2017-01-22 23:41:14',704.48),(57,0.443,0.05,0.00000381,10000,11,'2017-01-22 23:41:14','2017-01-22 23:41:14',899.74),(58,0.39,0.05,0.00000381,10000,11,'2017-01-22 23:41:14','2017-01-22 23:41:14',959.77),(59,0.443,0.05,0.00000381,10000,11,'2017-01-22 23:41:14','2017-01-22 23:41:14',1242.61),(60,0.443,0.05,0.00000381,10000,11,'2017-01-22 23:41:14','2017-01-22 23:41:14',1766.84),(61,0.5,0.05,0.00000381,20000,12,'2017-01-23 14:36:05','2017-01-23 14:36:05',0),(62,0.5,0.05,0.00000381,20000,12,'2017-01-23 14:36:06','2017-01-23 14:36:06',120),(63,0.45,0.05,0.00000381,10000,13,'2017-01-30 00:44:01','2017-01-30 00:44:01',0),(64,0.45,0.05,0.00000381,10000,13,'2017-01-30 01:36:15','2017-01-30 01:36:15',56);
/*!40000 ALTER TABLE `segments` ENABLE KEYS */;
UNLOCK TABLES;

--
-- Table structure for table `shipments`
--

DROP TABLE IF EXISTS `shipments`;
/*!40101 SET @saved_cs_client     = @@character_set_client */;
/*!40101 SET character_set_client = utf8 */;
CREATE TABLE `shipments` (
  `id` int(11) NOT NULL AUTO_INCREMENT,
  `start_location` varchar(255) COLLATE utf8_unicode_ci DEFAULT NULL,
  `end_location` varchar(255) COLLATE utf8_unicode_ci DEFAULT NULL,
  `shipper` varchar(255) COLLATE utf8_unicode_ci DEFAULT NULL,
  `commodity_id` varchar(255) COLLATE utf8_unicode_ci DEFAULT NULL,
  `volume` float DEFAULT NULL,
  `created_at` datetime NOT NULL,
  `updated_at` datetime NOT NULL,
  `nomination_id` int(11) DEFAULT NULL,
  PRIMARY KEY (`id`),
  KEY `index_shipments_on_nomination_id` (`nomination_id`),
  CONSTRAINT `fk_rails_4e48662adc` FOREIGN KEY (`nomination_id`) REFERENCES `nominations` (`id`)
) ENGINE=InnoDB AUTO_INCREMENT=35 DEFAULT CHARSET=utf8 COLLATE=utf8_unicode_ci;
/*!40101 SET character_set_client = @saved_cs_client */;

--
-- Dumping data for table `shipments`
--

LOCK TABLES `shipments` WRITE;
/*!40000 ALTER TABLE `shipments` DISABLE KEYS */;
INSERT INTO `shipments` VALUES (1,'Edmonton','Superior','IOL','63E',1000,'2016-03-24 13:22:48','2016-11-26 23:01:32',1),(2,'Edmonton','Regina','PETCN','SYN',5000,'2016-03-24 13:32:01','2016-10-18 15:24:31',1),(3,'Edmonton','Superior','SHELL','41E',6000,'2016-03-24 16:00:36','2016-10-18 15:24:40',1),(7,'Kerrobert','Superior','TEX','NGL',10000,'2016-10-29 13:12:55','2016-10-29 13:12:55',1),(8,'Edmonton','Superior','IOL','63E',60000,'2016-11-26 23:03:26','2016-11-26 23:03:26',4),(9,'Edmonton','Regina','PETCN','SYN',55000,'2016-11-26 23:03:50','2016-11-30 03:45:28',4),(10,'Edmonton','Superior','SHELL','41E',75000,'2016-11-26 23:04:20','2016-11-26 23:04:20',4),(11,'Kerrobert','Superior','TEX','NGL',120000,'2016-11-26 23:04:45','2016-11-30 03:45:40',4),(12,'Edmonton','Hardisty','WMS','63E',40000,'2016-12-03 05:36:47','2016-12-03 23:37:06',5),(14,'Edmonton','Superior','IOL','63E',10000,'2016-12-15 22:56:46','2016-12-15 22:56:46',6),(15,'Edmonton','Gretna','IOL','SYN',2000,'2016-12-15 22:57:11','2016-12-15 22:59:17',6),(16,'Regina','Superior','PETCN','63E',60000,'2016-12-15 22:57:53','2016-12-15 22:57:53',6),(17,'Edmonton','Superior','SHELL','SYN',2000,'2016-12-15 22:58:37','2016-12-15 22:58:37',6),(18,'Edmonton','Superior','PEN','63E',30000,'2016-12-15 23:01:00','2016-12-15 23:01:00',6),(19,'Edmonton','Superior','HUSKY','41E',55000,'2016-12-15 23:02:09','2016-12-15 23:02:09',6),(20,'Edmonton','Superior','IOL','41E',100000,'2016-12-15 23:11:04','2016-12-15 23:11:04',7),(21,'Tim','Two Town','SHELL','BR',100000,'2016-12-16 20:21:14','2016-12-16 20:27:06',8),(22,'Tim','Two Town','IOL','SYN',50000,'2016-12-16 20:21:38','2016-12-21 02:15:46',8),(23,'Edmonton','Superior','IOL','63E',50000,'2016-12-16 23:22:34','2016-12-16 23:22:34',2),(24,'S1','S3','IOL','63E',100000,'2016-12-19 13:06:55','2016-12-19 13:06:55',3),(26,'Edmonton','Superior','IOL','63E',60000,'2017-01-22 23:41:14','2017-01-22 23:41:14',10),(27,'Edmonton','Regina','PETCN','SYN',55000,'2017-01-22 23:41:14','2017-01-22 23:41:14',10),(28,'Edmonton','Superior','SHELL','41E',75000,'2017-01-22 23:41:14','2017-01-22 23:41:14',10),(29,'Kerrobert','Superior','TEX','NGL',120000,'2017-01-22 23:41:14','2017-01-22 23:41:14',10),(30,'Tim','Two Town','SHELL','BR',100000,'2017-01-23 14:36:06','2017-01-23 14:36:06',11),(31,'Tim','Two Town','IOL','SYN',50000,'2017-01-23 14:36:06','2017-01-23 14:36:06',11),(32,'Edmonton','Hardisty','IOL','M',50000,'2017-01-30 00:50:07','2017-01-30 00:50:07',12),(33,'Buck','Two Town','IOL','RSW',20000,'2017-01-30 15:28:07','2017-01-30 15:38:03',13),(34,'Buck','Two Town','TEX','HSB',80000,'2017-01-30 15:28:39','2017-01-30 15:37:45',13);
/*!40000 ALTER TABLE `shipments` ENABLE KEYS */;
UNLOCK TABLES;

--
-- Table structure for table `simulations`
--

DROP TABLE IF EXISTS `simulations`;
/*!40101 SET @saved_cs_client     = @@character_set_client */;
/*!40101 SET character_set_client = utf8 */;
CREATE TABLE `simulations` (
  `id` int(11) NOT NULL AUTO_INCREMENT,
  `name` varchar(255) COLLATE utf8_unicode_ci DEFAULT NULL,
  `description` varchar(255) COLLATE utf8_unicode_ci DEFAULT NULL,
  `max_flowrate` float DEFAULT NULL,
  `created_at` datetime NOT NULL,
  `updated_at` datetime NOT NULL,
  `max_batchsize` float DEFAULT NULL,
  `pipeline_id` int(11) DEFAULT NULL,
  `schedule_id` int(11) DEFAULT NULL,
  `nomination_id` int(11) DEFAULT NULL,
  `user_id` int(11) DEFAULT NULL,
  `max_steptime` float DEFAULT NULL,
  PRIMARY KEY (`id`)
) ENGINE=InnoDB AUTO_INCREMENT=16 DEFAULT CHARSET=utf8 COLLATE=utf8_unicode_ci;
/*!40101 SET character_set_client = @saved_cs_client */;

--
-- Dumping data for table `simulations`
--

LOCK TABLES `simulations` WRITE;
/*!40000 ALTER TABLE `simulations` DISABLE KEYS */;
INSERT INTO `simulations` VALUES (3,'Line 1 First','First simulation ever performed',1000,'2016-03-24 14:14:10','2017-01-30 15:17:11',10000,1,3,2,1,12),(6,'1WMS01','Test Simulation',1200,'2016-05-30 16:59:15','2017-01-30 15:16:36',10000,6,3,3,1,12),(7,'Line 1 Benchmark','Line 1 Benchmark Test from Nov 25th',600,'2016-11-26 23:05:48','2017-01-30 15:16:47',10000,1,3,4,1,12),(9,'Line 1 Comparison','Line 1 Test comparing results against BPFLOW output',800,'2016-12-15 22:37:10','2017-01-30 15:17:00',10000,1,3,6,1,12),(10,'Small Sim','Testing',2000,'2016-12-16 20:22:22','2017-01-30 15:17:22',10000,9,4,8,1,12),(12,'Line 1 Benchmark','Line 1 Benchmark from Nov 25th',600,'2017-01-22 23:51:31','2017-01-30 15:18:16',10000,11,6,10,2,12),(13,'Small Sim','Testing',2000,'2017-01-23 14:36:06','2017-01-30 15:18:26',10000,12,7,11,2,12),(14,'One Pump Stn Sim','Simulation for One Pump Stn',600,'2017-01-30 00:48:09','2017-01-30 15:16:12',5000,13,8,12,1,12),(15,'Small Sim 2','Testing only intermediate injections',1000,'2017-01-30 15:29:43','2017-01-30 15:29:43',10000,9,4,13,1,12);
/*!40000 ALTER TABLE `simulations` ENABLE KEYS */;
UNLOCK TABLES;

--
-- Table structure for table `stations`
--

DROP TABLE IF EXISTS `stations`;
/*!40101 SET @saved_cs_client     = @@character_set_client */;
/*!40101 SET character_set_client = utf8 */;
CREATE TABLE `stations` (
  `id` int(11) NOT NULL AUTO_INCREMENT,
  `name` varchar(255) COLLATE utf8_unicode_ci DEFAULT NULL,
  `kmp` float DEFAULT NULL,
  `created_at` datetime NOT NULL,
  `updated_at` datetime NOT NULL,
  `pipeline_id` int(11) DEFAULT NULL,
  PRIMARY KEY (`id`),
  KEY `index_stations_on_pipeline_id` (`pipeline_id`),
  CONSTRAINT `fk_rails_f1f74b6021` FOREIGN KEY (`pipeline_id`) REFERENCES `pipelines` (`id`)
) ENGINE=InnoDB AUTO_INCREMENT=47 DEFAULT CHARSET=utf8 COLLATE=utf8_unicode_ci;
/*!40101 SET character_set_client = @saved_cs_client */;

--
-- Dumping data for table `stations`
--

LOCK TABLES `stations` WRITE;
/*!40000 ALTER TABLE `stations` DISABLE KEYS */;
INSERT INTO `stations` VALUES (1,'Edmonton',0,'2016-04-02 02:26:24','2016-04-02 02:26:24',1),(2,'Hardisty',176,'2016-04-02 02:26:35','2016-04-02 02:26:35',1),(3,'Kerrobert',351.95,'2016-04-02 02:26:49','2016-04-02 02:26:49',1),(4,'Regina',704.48,'2016-04-02 02:27:01','2016-04-02 02:27:01',1),(5,'Cromer',959.77,'2016-04-02 02:27:13','2016-04-02 02:27:13',1),(6,'West Souris',1031.9,'2016-04-02 02:27:34','2016-04-02 02:27:34',1),(7,'Gretna',1242.61,'2016-04-02 02:27:58','2016-04-02 02:27:58',1),(8,'Clearbrook',1463.39,'2016-04-02 02:28:15','2016-04-02 02:28:15',1),(9,'Superior',1766.84,'2016-04-02 02:28:29','2016-04-02 02:28:29',1),(19,'S3',60,'2016-05-30 16:51:07','2016-10-06 18:15:57',6),(25,'S1',0,'2016-12-04 17:48:35','2016-12-04 17:48:35',6),(26,'S2',30,'2016-12-15 16:08:30','2016-12-15 16:08:30',6),(27,'Tim',0,'2016-12-16 20:17:03','2016-12-16 20:17:03',9),(28,'Buck',50,'2016-12-16 20:17:18','2016-12-16 20:17:18',9),(29,'Two Town',120,'2016-12-16 20:17:32','2016-12-16 20:17:32',9),(33,'Edmonton',0,'2017-01-22 23:41:14','2017-01-22 23:41:14',11),(34,'Hardisty',176,'2017-01-22 23:41:14','2017-01-22 23:41:14',11),(35,'Kerrobert',351.95,'2017-01-22 23:41:14','2017-01-22 23:41:14',11),(36,'Regina',704.48,'2017-01-22 23:41:14','2017-01-22 23:41:14',11),(37,'Cromer',959.77,'2017-01-22 23:41:14','2017-01-22 23:41:14',11),(38,'West Souris',1031.9,'2017-01-22 23:41:14','2017-01-22 23:41:14',11),(39,'Gretna',1242.61,'2017-01-22 23:41:14','2017-01-22 23:41:14',11),(40,'Clearbrook',1463.39,'2017-01-22 23:41:14','2017-01-22 23:41:14',11),(41,'Superior',1766.84,'2017-01-22 23:41:14','2017-01-22 23:41:14',11),(42,'Tim',0,'2017-01-23 14:36:05','2017-01-23 14:36:05',12),(43,'Buck City',50,'2017-01-23 14:36:05','2017-01-23 14:36:05',12),(44,'Two Town',120,'2017-01-23 14:36:05','2017-01-23 14:36:05',12),(45,'Edmonton',0,'2017-01-30 00:43:14','2017-01-30 00:43:14',13),(46,'Hardisty',56,'2017-01-30 00:43:29','2017-01-30 00:43:29',13);
/*!40000 ALTER TABLE `stations` ENABLE KEYS */;
UNLOCK TABLES;

--
-- Table structure for table `temperatures`
--

DROP TABLE IF EXISTS `temperatures`;
/*!40101 SET @saved_cs_client     = @@character_set_client */;
/*!40101 SET character_set_client = utf8 */;
CREATE TABLE `temperatures` (
  `id` int(11) NOT NULL AUTO_INCREMENT,
  `kmp` float DEFAULT NULL,
  `temperature` float DEFAULT NULL,
  `pipeline_id` int(11) DEFAULT NULL,
  `created_at` datetime NOT NULL,
  `updated_at` datetime NOT NULL,
  PRIMARY KEY (`id`),
  KEY `index_temperatures_on_pipeline_id` (`pipeline_id`),
  CONSTRAINT `fk_rails_5e307a552d` FOREIGN KEY (`pipeline_id`) REFERENCES `pipelines` (`id`)
) ENGINE=InnoDB AUTO_INCREMENT=29 DEFAULT CHARSET=utf8 COLLATE=utf8_unicode_ci;
/*!40101 SET character_set_client = @saved_cs_client */;

--
-- Dumping data for table `temperatures`
--

LOCK TABLES `temperatures` WRITE;
/*!40000 ALTER TABLE `temperatures` DISABLE KEYS */;
INSERT INTO `temperatures` VALUES (1,0,5,1,'2016-04-02 14:07:09','2016-04-02 14:07:09'),(2,100,15,1,'2016-04-02 14:07:25','2016-04-02 14:07:25'),(3,321.8,5,1,'2016-04-02 14:07:34','2016-04-02 14:07:34'),(4,1766.84,5,1,'2016-04-02 14:07:44','2016-04-02 14:07:44'),(11,0,5,6,'2016-05-30 16:54:02','2016-12-19 03:59:10'),(12,30,5,6,'2016-05-30 16:54:10','2016-05-30 16:54:10'),(13,60,5,6,'2016-05-30 16:54:15','2016-10-06 18:16:59'),(16,0,5,9,'2016-12-16 20:18:48','2016-12-16 20:18:48'),(17,60,7,9,'2016-12-16 20:18:57','2016-12-16 20:18:57'),(18,100,10,9,'2016-12-16 20:19:04','2016-12-16 20:19:04'),(21,0,5,11,'2017-01-22 23:41:14','2017-01-22 23:41:14'),(22,100,15,11,'2017-01-22 23:41:14','2017-01-22 23:41:14'),(23,321.8,5,11,'2017-01-22 23:41:14','2017-01-22 23:41:14'),(24,1766.84,5,11,'2017-01-22 23:41:14','2017-01-22 23:41:14'),(25,0,5,12,'2017-01-23 14:36:06','2017-01-23 14:36:06'),(26,60,7,12,'2017-01-23 14:36:06','2017-01-23 14:36:06'),(27,100,10,12,'2017-01-23 14:36:06','2017-01-23 14:36:06'),(28,0,12,13,'2017-01-30 00:45:01','2017-01-30 00:45:01');
/*!40000 ALTER TABLE `temperatures` ENABLE KEYS */;
UNLOCK TABLES;

--
-- Table structure for table `units`
--

DROP TABLE IF EXISTS `units`;
/*!40101 SET @saved_cs_client     = @@character_set_client */;
/*!40101 SET character_set_client = utf8 */;
CREATE TABLE `units` (
  `id` int(11) NOT NULL AUTO_INCREMENT,
  `station_id` int(11) DEFAULT NULL,
  `pump_id` varchar(255) DEFAULT NULL,
  `unit_row` int(11) DEFAULT NULL,
  `unit_column` int(11) DEFAULT NULL,
  `created_at` datetime NOT NULL,
  `updated_at` datetime NOT NULL,
  PRIMARY KEY (`id`),
  KEY `index_units_on_station_id` (`station_id`)
) ENGINE=InnoDB AUTO_INCREMENT=110 DEFAULT CHARSET=utf8;
/*!40101 SET character_set_client = @saved_cs_client */;

--
-- Dumping data for table `units`
--

LOCK TABLES `units` WRITE;
/*!40000 ALTER TABLE `units` DISABLE KEYS */;
INSERT INTO `units` VALUES (25,25,'B-23674A',1,1,'2016-12-04 17:50:04','2016-12-15 16:38:30'),(26,25,'B-C-567',1,2,'2016-12-04 17:50:10','2016-12-15 16:11:20'),(27,25,'B-C-568',1,3,'2016-12-04 17:50:14','2016-12-15 16:11:34'),(32,1,'B-23674A',1,1,'2016-12-06 00:24:21','2016-12-06 00:24:21'),(33,1,'B-C-567',1,1,'2016-12-06 00:24:36','2016-12-15 21:54:43'),(34,2,'B-C-3712',1,1,'2016-12-06 00:24:48','2016-12-15 21:55:41'),(35,3,'B-C-3712',1,1,'2016-12-06 00:24:59','2016-12-15 21:57:58'),(36,4,'B-C3699',1,1,'2016-12-06 00:25:11','2016-12-15 21:59:14'),(38,6,'BJTC4102',1,1,'2016-12-06 00:25:39','2016-12-15 22:02:06'),(39,7,'B-24324A',1,1,'2016-12-06 00:25:56','2016-12-15 22:08:23'),(40,8,'B-23674A',1,1,'2016-12-06 00:26:08','2016-12-06 00:26:08'),(41,1,'B-C-568',1,1,'2016-12-07 18:37:29','2016-12-15 21:54:59'),(42,8,'B-24324A',1,2,'2016-12-07 18:42:04','2016-12-08 02:16:23'),(43,8,'B-23674A',1,3,'2016-12-07 18:43:35','2016-12-08 02:16:30'),(44,2,'B-C-3712',1,2,'2016-12-08 01:57:42','2016-12-15 21:56:52'),(45,3,'B-C-3712',1,2,'2016-12-08 01:58:02','2016-12-15 21:58:10'),(46,4,'B-C3699',1,2,'2016-12-08 01:58:13','2016-12-15 21:59:26'),(48,6,'B-C-572',1,2,'2016-12-08 01:58:39','2016-12-15 22:07:31'),(50,8,'B-23674A',1,4,'2016-12-08 01:59:03','2016-12-08 02:16:38'),(51,7,'B-E213',1,2,'2016-12-08 02:11:46','2016-12-15 22:08:44'),(56,5,'BJTC4102',1,1,'2016-12-09 17:05:22','2016-12-15 22:00:39'),(61,26,'B-33118A',1,1,'2016-12-15 16:12:25','2016-12-15 16:12:25'),(62,26,'B-33118A',1,2,'2016-12-15 16:12:39','2016-12-15 16:12:39'),(63,2,'B-C-3692',1,3,'2016-12-15 21:56:31','2016-12-15 21:56:31'),(64,3,'B-C-3692',1,3,'2016-12-15 21:58:37','2016-12-15 21:58:37'),(65,5,'B-24324A',1,2,'2016-12-15 22:01:00','2016-12-15 22:01:00'),(66,5,'B-E213',1,3,'2016-12-15 22:01:28','2016-12-15 22:01:28'),(75,27,'B-23674A',1,1,'2016-12-16 23:54:24','2016-12-16 23:54:24'),(76,27,'B-C-3712',1,2,'2016-12-16 23:54:35','2016-12-16 23:54:35'),(77,27,'BJTC4102',1,3,'2016-12-16 23:54:44','2016-12-16 23:54:44'),(78,28,'B-24324A',1,1,'2016-12-16 23:55:01','2016-12-16 23:55:01'),(79,28,'B-33118A',1,2,'2016-12-16 23:55:10','2016-12-16 23:55:10'),(80,28,'B-C-3692',1,3,'2016-12-16 23:55:18','2016-12-16 23:55:18'),(81,33,'B-23674A',1,1,'2017-01-22 23:41:14','2017-01-22 23:41:14'),(82,33,'B-C-567',1,2,'2017-01-22 23:41:14','2017-01-22 23:41:14'),(83,33,'B-C-568',1,3,'2017-01-22 23:41:14','2017-01-22 23:41:14'),(84,34,'B-C-3712',1,1,'2017-01-22 23:41:14','2017-01-22 23:41:14'),(85,34,'B-C-3712',1,2,'2017-01-22 23:41:14','2017-01-22 23:41:14'),(86,34,'B-C-3692',1,3,'2017-01-22 23:41:14','2017-01-22 23:41:14'),(87,35,'B-C-3712',1,1,'2017-01-22 23:41:14','2017-01-22 23:41:14'),(88,35,'B-C-3712',1,2,'2017-01-22 23:41:14','2017-01-22 23:41:14'),(89,35,'B-C-3692',1,3,'2017-01-22 23:41:14','2017-01-22 23:41:14'),(90,36,'B-C3699',1,1,'2017-01-22 23:41:14','2017-01-22 23:41:14'),(91,36,'B-C3699',1,2,'2017-01-22 23:41:14','2017-01-22 23:41:14'),(92,37,'BJTC4102',1,1,'2017-01-22 23:41:14','2017-01-22 23:41:14'),(93,37,'B-24324A',1,2,'2017-01-22 23:41:14','2017-01-22 23:41:14'),(94,37,'B-E213',1,3,'2017-01-22 23:41:14','2017-01-22 23:41:14'),(95,38,'BJTC4102',1,1,'2017-01-22 23:41:14','2017-01-22 23:41:14'),(96,38,'B-C-572',1,2,'2017-01-22 23:41:14','2017-01-22 23:41:14'),(97,39,'B-24324A',1,1,'2017-01-22 23:41:14','2017-01-22 23:41:14'),(98,39,'B-E213',1,2,'2017-01-22 23:41:14','2017-01-22 23:41:14'),(99,40,'B-23674A',1,1,'2017-01-22 23:41:14','2017-01-22 23:41:14'),(100,40,'B-24324A',1,2,'2017-01-22 23:41:14','2017-01-22 23:41:14'),(101,40,'B-23674A',1,3,'2017-01-22 23:41:14','2017-01-22 23:41:14'),(102,40,'B-23674A',1,4,'2017-01-22 23:41:14','2017-01-22 23:41:14'),(103,42,'B-23674A',1,1,'2017-01-23 14:36:05','2017-01-23 14:36:05'),(104,42,'B-C-3712',1,2,'2017-01-23 14:36:05','2017-01-23 14:36:05'),(105,42,'BJTC4102',1,3,'2017-01-23 14:36:05','2017-01-23 14:36:05'),(106,43,'B-24324A',1,1,'2017-01-23 14:36:05','2017-01-23 14:36:05'),(107,43,'B-33118A',1,2,'2017-01-23 14:36:05','2017-01-23 14:36:05'),(108,43,'B-C-3692',1,3,'2017-01-23 14:36:05','2017-01-23 14:36:05'),(109,45,'B-23674A',1,1,'2017-01-30 01:37:18','2017-01-30 01:37:18');
/*!40000 ALTER TABLE `units` ENABLE KEYS */;
UNLOCK TABLES;

--
-- Table structure for table `users`
--

DROP TABLE IF EXISTS `users`;
/*!40101 SET @saved_cs_client     = @@character_set_client */;
/*!40101 SET character_set_client = utf8 */;
CREATE TABLE `users` (
  `id` int(11) NOT NULL AUTO_INCREMENT,
  `email` varchar(255) NOT NULL DEFAULT '',
  `encrypted_password` varchar(255) NOT NULL DEFAULT '',
  `reset_password_token` varchar(255) DEFAULT NULL,
  `reset_password_sent_at` datetime DEFAULT NULL,
  `remember_created_at` datetime DEFAULT NULL,
  `sign_in_count` int(11) NOT NULL DEFAULT '0',
  `current_sign_in_at` datetime DEFAULT NULL,
  `last_sign_in_at` datetime DEFAULT NULL,
  `current_sign_in_ip` varchar(255) DEFAULT NULL,
  `last_sign_in_ip` varchar(255) DEFAULT NULL,
  `created_at` datetime NOT NULL,
  `updated_at` datetime NOT NULL,
  `admin` tinyint(1) DEFAULT '0',
  PRIMARY KEY (`id`),
  UNIQUE KEY `index_users_on_email` (`email`),
  UNIQUE KEY `index_users_on_reset_password_token` (`reset_password_token`)
) ENGINE=InnoDB AUTO_INCREMENT=4 DEFAULT CHARSET=utf8;
/*!40101 SET character_set_client = @saved_cs_client */;

--
-- Dumping data for table `users`
--

LOCK TABLES `users` WRITE;
/*!40000 ALTER TABLE `users` DISABLE KEYS */;
INSERT INTO `users` VALUES (1,'wmshockey@gmail.com','$2a$11$yiASCEgbMItGt.RomriMN.lDC6w.NXl.unfjnNvJu/CNIIIT6p6ta',NULL,NULL,NULL,51,'2017-01-30 21:40:39','2017-01-30 21:05:37','::1','::1','2017-01-20 23:03:45','2017-01-30 21:40:39',1),(2,'llshockey@gmail.com','$2a$11$CcV4bay.tkoKEKDlB5Ba9eozjPbNzpuCxhBGn2kMWYKOPtKbwgQdm',NULL,NULL,NULL,19,'2017-01-30 21:44:49','2017-01-30 15:18:08','::1','::1','2017-01-21 00:28:20','2017-01-30 21:44:49',0),(3,'sprint2w@yahoo.ca','$2a$11$iP51X8QmOXxBzNOVn0o8I.SiGaDAvRq3aq5pfiF4ZJToQ225WQHAS',NULL,NULL,NULL,1,'2017-01-26 04:23:46','2017-01-26 04:23:46','::1','::1','2017-01-26 04:23:17','2017-01-26 04:23:46',0);
/*!40000 ALTER TABLE `users` ENABLE KEYS */;
UNLOCK TABLES;
/*!40103 SET TIME_ZONE=@OLD_TIME_ZONE */;

/*!40101 SET SQL_MODE=@OLD_SQL_MODE */;
/*!40014 SET FOREIGN_KEY_CHECKS=@OLD_FOREIGN_KEY_CHECKS */;
/*!40014 SET UNIQUE_CHECKS=@OLD_UNIQUE_CHECKS */;
/*!40101 SET CHARACTER_SET_CLIENT=@OLD_CHARACTER_SET_CLIENT */;
/*!40101 SET CHARACTER_SET_RESULTS=@OLD_CHARACTER_SET_RESULTS */;
/*!40101 SET COLLATION_CONNECTION=@OLD_COLLATION_CONNECTION */;
/*!40111 SET SQL_NOTES=@OLD_SQL_NOTES */;

-- Dump completed on 2017-01-31 17:39:16
